fromId,toId,toName
top_computers_programming_languages_java,teonas,teonas
top_computers_programming_languages_java_development_tools_performance_and_testing_unit_testing,tommorris,tommorris
top_computers_programming_languages_java_user_groups,jazz,jazz
top_computers_programming_languages_lisp_clojure,kdao,kdao
top_computers_programming_languages_lisp_emacs_lisp_tex,hansfn,hansfn
top_computers_programming_languages_php_scripts_content_management_mambo,kalvin,kalvin
top_computers_programming_languages_pl,prf,prf
top_computers_programming_languages_python_conferences,tommorris,tommorris
top_computers_programming_languages_python_development_tools_deployment,tommorris,tommorris
top_computers_programming_languages_python_development_tools_performance_and_testing,tommorris,tommorris
top_computers_programming_languages_python_web,kdao,kdao
top_computers_programming_languages_python_web_templating_libraries,tommorris,tommorris
top_computers_programming_languages_python_web_web_frameworks,kdao,kdao
top_computers_programming_languages_python_web_web_frameworks_django,kdao,kdao
top_computers_programming_languages_regular_expressions,nelsonlizard,nelsonlizard
top_computers_programming_languages_ruby_conferences,tommorris,tommorris
top_computers_programming_software_testing,teonas,teonas
top_computers_security_consultants_penetration_testing,seaking,seaking
top_computers_security_consultants_penetration_testing,securitypro,securitypro
top_computers_security_policy_sample_policies,garyhins,garyhins
top_computers_security_policy_standards,garyhins,garyhins
top_computers_security_products_and_tools,garyhins,garyhins
top_computers_security_products_and_tools_cryptography_pgp,vaganyik,vaganyik
top_computers_security_products_and_tools_monitoring,mcorbuleac,mcorbuleac
top_computers_security_virtual_private_networks,introducial,introducial
top_computers_software_abandonware,erdekaiser,erdekaiser
top_computers_software_accounting_billing,ajkevents,ajkevents
top_computers_software_accounting_tax_united_states,wrichards,wrichards
top_computers_software_barcode,charlesj,charlesj
top_computers_software_business_e-commerce_shopping_carts,dirkjanvis,dirkjanvis
top_computers_software_databases_oracle_weblogs,tonydb,tonydb
top_computers_software_editors_vi_vim,tommorris,tommorris
top_computers_software_freeware_music_and_audio,komanderkin,komanderkin
top_computers_software_freeware_system,jamesgamble,jamesgamble
top_computers_software_globalization_character_encoding,shritwod,shritwod
top_computers_software_graphics_3d_models,slownage,slownage
top_computers_software_groupware_microsoft_exchange,thims,thims
top_computers_software_groupware_wiki_wiki_farms,khoffmeyer,khoffmeyer
top_computers_software_human_resources_recruitment_management,markus224,markus224
top_computers_software_human_resources_testing_and_evaluation,saterfiel,saterfiel
top_computers_software_internet_clients_chat_irc,bjfs,bjfs
top_computers_software_internet_clients_mail_thunderbird,ottodv,ottodv
top_computers_software_internet_clients_mail_windows_microsoft_outlook,thims,thims
top_computers_software_internet_clients_web_browsers_firefox,ottodv,ottodv
top_computers_software_internet_servers_web_apache,aoldan,aoldan
top_computers_software_internet_website_promotion,cmconsulting,cmconsulting
top_computers_software_manufacturing_automation,thrushwood,thrushwood
top_computers_software_networking_remote_access,garyhins,garyhins
top_computers_software_office_suites_microsoft_office,thims,thims
top_computers_software_operating_systems_android,vaganyik,vaganyik
top_computers_software_operating_systems_boot_managers,eugrus,eugrus
top_computers_software_operating_systems_graphic_subsystems_toolkits_fltk,etorres,etorres
top_computers_software_operating_systems_graphic_subsystems_x11,eugrus,eugrus
top_computers_software_operating_systems_ios,roolee,roolee
top_computers_software_operating_systems_linux,ottodv,ottodv
top_computers_software_operating_systems_linux_distributions,bjfs,bjfs
top_computers_software_operating_systems_linux_distributions_ubuntu,bjfs,bjfs
top_computers_software_operating_systems_linux_user_groups_north_america,rickmoen,rickmoen
top_computers_software_operating_systems_linux_user_groups_north_america_united_states_california,rickmoen,rickmoen
top_computers_software_operating_systems_mainframe_multics,shritwod,shritwod
top_computers_software_operating_systems_microkernel_reactos,eugrus,eugrus
top_computers_software_operating_systems_microsoft_windows_software_shareware_internet_search_tools_submission,paddyuk,paddyuk
top_computers_software_operating_systems_microsoft_windows_software_shareware_utilities_desktop_and_system_management,eurogatt,eurogatt
top_computers_software_operating_systems_microsoft_windows_software_shareware_utilities_desktop_and_system_management_registry,eurogatt,eurogatt
top_computers_software_operating_systems_microsoft_windows_windows_7,abhishekghosh,abhishekghosh
top_computers_software_operating_systems_microsoft_windows_windows_8,abhishekghosh,abhishekghosh
top_computers_software_operating_systems_microsoft_windows_windows_vista,abhishekghosh,abhishekghosh
top_computers_software_operating_systems_os-2,prf,prf
top_computers_software_operating_systems_unix,oioioi,oioioi
top_computers_software_operating_systems_unix_a-ux,eugrus,eugrus
top_computers_software_presentation_microsoft_powerpoint,viera00,viera00
top_computers_software_project_management_risk_analysis,riskguru,riskguru
top_computers_software_project_management_web_based,batgreen,batgreen
top_computers_software_spreadsheets_excel_add-ins,martinarain,martinarain
top_computers_software_typesetting_tex,hansfn,hansfn
top_computers_software_typesetting_tex_latex,chaos127,chaos127
top_computers_speech_technology,segiles,segiles
top_computers_systems_acorn,rpfuller,rpfuller
top_computers_systems_commodore,se7en,se7en
"top_computers_systems_handhelds_smartphones_iphone_faqs,_help,_and_tutorials",roolee,roolee
top_computers_usenet,stegozor,stegozor
top_computers_virtual_reality,nikrigs,nikrigs
top_games,sahbbg,sahbbg
top_games,krazor,krazor
top_games_board_games_developers_and_publishers,peterrobson,peterrobson
top_games_card_games_combining_rummy_gin_rummy,samuelav,samuelav
top_games_card_games_guides,cliff,cliff
top_games_coin-op,daveland,daveland
top_games_conventions,oli2001uk,oli2001uk
top_games_conventions_tabletop_united_kingdom,oli2001uk,oli2001uk
top_games_developers_and_publishers_independent_developers,lokiby,lokiby
top_games_gambling_casinos_by_location_north_america_united_states,mrhankey,mrhankey
top_games_gambling_casinos_by_location_north_america_united_states_mississippi,mrhankey,mrhankey
top_games_gambling_chats_and_forums,davemann,davemann
top_games_gambling_contests_and_sweepstakes,julies,julies
top_games_gambling_guides,bloggy,bloggy
top_games_gambling_slots,bloggy,bloggy
top_games_online_directories,julies,julies
top_games_online_play-by-e-mail_directories,julies,julies
top_games_party_games,julies,julies
top_games_puzzles_brain_teasers_sudoku,ondera,ondera
top_games_puzzles_brain_teasers_sudoku,pmin00,pmin00
top_games_puzzles_brain_teasers_sudoku_variants,pmin00,pmin00
top_games_resources_directories,julies,julies
top_games_roleplaying,elminster,elminster
top_games_video_games,elminster,elminster
top_games_video_games_action-adventure_survival_horror_fan_pages,kingalfi,kingalfi
top_games_video_games_action_browser_based,julies,julies
top_games_video_games_action_p_pac-man_games,stillbuyvhs,stillbuyvhs
top_games_video_games_action_space_combat,leuba,leuba
top_games_video_games_action_space_combat_massive_multiplayer_online_eve_online,leuba,leuba
top_games_video_games_adventure_browser_based,julies,julies
top_games_video_games_browser_based,julies,julies
top_games_video_games_browser_based_cheats_and_hints,cheatone,cheatone
top_games_video_games_cheats_and_hints_personal_pages,cheatone,cheatone
top_games_video_games_emulation,elminster,elminster
top_games_video_games_fighting_browser_based,julies,julies
top_games_video_games_multiplayer_game_servers,meekro,meekro
top_games_video_games_multiplayer_lan_parties_oceania_australia,tristanlbailey,tristanlbailey
top_games_video_games_platform_croc_series,stillbuyvhs,stillbuyvhs
top_games_video_games_puzzle_browser_based,julies,julies
top_games_video_games_recreation_browser_based,julies,julies
top_games_video_games_recreation_pinball,daveland,daveland
top_games_video_games_recreation_trivia_browser_based,julies,julies
top_games_video_games_roleplaying_browser_based,julies,julies
top_games_video_games_roleplaying_browser_based_fantasy,luvare,luvare
top_games_video_games_roleplaying_f_fallout_series,aolruss,aolruss
top_games_video_games_roleplaying_f_fallout_series_fallout_-_new_vegas,aolruss,aolruss
top_games_video_games_roleplaying_f_final_fantasy_games_chats_and_forums,sidneyj,sidneyj
top_games_video_games_roleplaying_f_final_fantasy_games_fan_pages,kingalfi,kingalfi
top_games_video_games_roleplaying_f_final_fantasy_games_fan_works,kingalfi,kingalfi
top_games_video_games_roleplaying_f_final_fantasy_games_final_fantasy_viii,krazor,krazor
top_games_video_games_roleplaying_fan_pages,kingalfi,kingalfi
top_games_video_games_roleplaying_massive_multiplayer_online,leuba,leuba
top_games_video_games_roleplaying_p_pokémon_games_pokémon_go,saby,saby
top_games_video_games_roleplaying_rogue-like_angband,rpfuller,rpfuller
top_games_video_games_roleplaying_t_tales_of_series,roanoke834,roanoke834
top_games_video_games_simulation_browser_based,julies,julies
top_games_video_games_simulation_flight_virtual_airlines,adr1an0,adr1an0
top_games_video_games_sports_browser_based,julies,julies
top_games_video_games_sports_browser_based_football,alparsla,alparsla
top_games_video_games_word_games_browser_based,julies,julies
top_health_addictions_substance_abuse_centers_and_counseling_services_oceania_australia,liamd,liamd
top_health_addictions_substance_abuse_personal_pages,anonymous123,anonymous123
top_health_alternative,joe33,joe33
top_health_alternative_coaching,fortehwin,fortehwin
top_health_alternative_folk_medicine,sahbbg,sahbbg
top_health_alternative_herbs,ehodges,ehodges
top_health_alternative_meditation,sankarrukku,sankarrukku
top_health_alternative_opposing_views,whizky,whizky
top_health_animal_mammals_equine_dentistry,borg,borg
top_health_animal_veterinary_medicine,bldarter,bldarter
top_health_animal_veterinary_medicine_veterinarians_united_states_nebraska,lincolnigs11,lincolnigs11
top_health_child_health,whizky,whizky
top_health_conditions_and_diseases_cancer_breast,yocoandra,yocoandra
top_health_conditions_and_diseases_cancer_lung,nwerner,nwerner
top_health_conditions_and_diseases_cancer_mesothelioma,nwerner,nwerner
top_health_conditions_and_diseases_endocrine_disorders_gonads_polycystic_ovarian_syndrome,gia88,gia88
top_health_conditions_and_diseases_eye_disorders_cornea_keratoconus,sd,sd
top_health_conditions_and_diseases_immune_disorders_immune_deficiency_aids_regional,jezebel,jezebel
top_health_conditions_and_diseases_infectious_diseases,bldarter,bldarter
top_health_conditions_and_diseases_musculoskeletal_disorders_connective_tissue_fibromyalgia,kturner,kturner
top_health_conditions_and_diseases_skin_disorders_eczema,rixerz,rixerz
top_health_education_patient_education,abhishekghosh,abhishekghosh
top_health_medicine_directories_doctors,brandonaevans,brandonaevans
top_health_medicine_directories_doctors,jeepers,jeepers
top_health_medicine_evidence_based_medicine,whizky,whizky
top_health_medicine_evidence_based_medicine,ckaniklidis,ckaniklidis
top_health_medicine_facilities,cmconsulting,cmconsulting
top_health_medicine_medical_specialties_nuclear_medicine,geraldtan,geraldtan
top_health_medicine_medical_specialties_podiatry,artonova,artonova
top_health_medicine_medical_specialties_podiatry_clinics_and_practitioners_north_america_united_states_maryland,elguapo666,elguapo666
top_health_medicine_medical_specialties_radiology,segiles,segiles
top_health_medicine_pharmacology,csmith88,csmith88
top_health_mental_health_counseling_services_canada,mwattsvic,mwattsvic
top_health_mental_health_counseling_services_directories,david64,david64
top_health_mental_health_disorders,mollybdenum,mollybdenum
top_health_mental_health_disorders_mood_bipolar_disorder,koavf,koavf
top_health_mental_health_professional_resources_continuing_education_online,ceubynet,ceubynet
top_health_nursing_resources,maribo,maribo
top_health_nutrition_nutrients_vitamins_and_minerals,solox,solox
top_health_nutrition_resources,rossbridgeford,rossbridgeford
top_health_nutrition_resources,solox,solox
top_health_nutrition_resources,zenichanin,zenichanin
top_health_professions_medical_transcription,segiles,segiles
top_health_public_health_and_safety_emergency_services_fire_fighting_oceania,fortehwin,fortehwin
top_health_public_health_and_safety_emergency_services_search_and_rescue_organizations,jreyes,jreyes
top_health_public_health_and_safety_emergency_services_search_and_rescue_united_states,jreyes,jreyes
top_health_resources_consumer_information,solox,solox
top_health_teen_health,larrylee,larrylee
top_home_consumer_information,rdkeating25,rdkeating25
top_home_consumer_information_appliances_deep_fryers,sevans,sevans
top_home_consumer_information_clothing_and_accessories,fiduci,fiduci
top_home_consumer_information_clothing_and_accessories_footwear,sevans,sevans
top_home_consumer_information_complaints,sidds123450,sidds123450
top_home_consumer_information_computers_and_internet_hardware,mrhankey,mrhankey
top_home_consumer_information_computers_and_internet_internet_web_hosting_reviews,tacke,tacke
top_home_consumer_information_home_and_family_furniture_beds_and_mattresses,greenocean,greenocean
top_home_consumer_information_home_and_family_safety,modlk,modlk
top_home_consumer_information_motorcycles,motofast,motofast
top_home_consumer_information_news_and_media,chrz,chrz
top_home_cooking_beverages_cocktails_collections_and_indexes,diabolical,diabolical
top_home_cooking_desserts,cskeezix,cskeezix
top_home_cooking_outdoors_barbecue_and_grilling,jpeterson,jpeterson
top_home_cooking_world_cuisines_european_greek,greekgourmand,greekgourmand
top_home_entertaining,julies,julies
top_home_family_adoption_support,kimfooyoung,kimfooyoung
top_home_family_pregnancy,meg114,meg114
top_home_gardening,plantrob,plantrob
top_home_gardening_bonsai_and_suiseki_bonsai,sanneknoll,sanneknoll
top_home_gardening_directories,belindas,belindas
top_home_gardening_plants,plantrob,plantrob
top_home_gardening_plants_a,dalexandre,dalexandre
top_home_homemaking_frugality,severaldogs,severaldogs
top_home_home_improvement_design_and_construction,monksp,monksp
top_home_home_improvement_safety_and_security,modlk,modlk
top_home_personal_finance,bubby1,bubby1
top_home_personal_finance_insurance,izni,izni
top_home_personal_finance_insurance_automotive,davemann,davemann
top_home_personal_finance_insurance_health,davemann,davemann
top_home_personal_finance_investing,bubby1,bubby1
top_home_personal_finance_money_management_credit_debit_and_credit_cards,davemann,davemann
top_home_personal_finance_tax_preparation_tax_forms_united_states_states,arubin,arubin
top_news,tlewis,tlewis
top_news_breaking_news,meg114,meg114
top_news_chats_and_forums,plantrobflash,plantrobflash
top_news_colleges_and_universities_newspapers_canada,ndallen,ndallen
top_news_journalism,jennyhorm,jennyhorm
top_news_magazines_and_e-zines,meg114,meg114
top_news_media_industry_media_literacy,jennyhorm,jennyhorm
top_news_newspapers_regional_canada,ndallen,ndallen
top_news_newspapers_regional_united_states,cmconsulting,cmconsulting
top_news_newspapers_regional_united_states_florida,malcster,malcster
top_news_personalized_news,docandreas,docandreas
top_recreation,cherel,cherel
top_recreation_antiques_photographs,julies,julies
top_recreation_antiques_rugs,sprice,sprice
top_recreation_antiques_rugs_tribal,sprice,sprice
top_recreation_autos_directories,fiduci,fiduci
top_recreation_autos_makes_and_models_chevrolet,cujo,cujo
top_recreation_autos_repair_windshields_and_glass,chasemoto,chasemoto
top_recreation_collecting_food_and_drink_related_fruit_and_vegetable,lire,lire
top_recreation_collecting_out_of_the_ordinary_air_sickness_bags,sprice,sprice
top_recreation_collecting_stamps,prashant,prashant
top_recreation_collecting_stamps,philatelist,philatelist
top_recreation_collecting_stamps_organizations,philatelist,philatelist
top_recreation_collecting_toys_cars_and_trucks_pedal_cars,roolee,roolee
top_recreation_collecting_toys_chats_and_forums,cmerry,cmerry
top_recreation_collecting_toys_dolls_chats_and_forums,cmerry,cmerry
top_recreation_collecting_toys_dolls_jem,likeadream,likeadream
top_recreation_food,julies,julies
top_recreation_food_contests,julies,julies
top_recreation_food_dining_guides,julies,julies
top_recreation_food_dining_guides,zenichanin,zenichanin
top_recreation_food_dining_guides_europe_united_kingdom,denisnelson,denisnelson
top_recreation_food_drink_cocktails,diabolical,diabolical
top_recreation_food_drink_wine,peterrobson,peterrobson
top_recreation_food_fast_food,zenichanin,zenichanin
top_recreation_guns_directories,dfulton,dfulton
top_recreation_humor,shritwod,shritwod
top_recreation_humor_archives,weldman,weldman
top_recreation_humor_archives,weldman,weldman
top_recreation_humor_education,emilyzhang,emilyzhang
top_recreation_humor_jokes_collections,chorcow,chorcow
top_recreation_humor_useless_pages,shritwod,shritwod
top_recreation_living_history_by_historical_region_north_america_united_states_revolutionary_war,foxtrot13,foxtrot13
top_recreation_living_history_by_topic_music_american_military,foxtrot13,foxtrot13
top_recreation_motorcycles_touring_motorcycle_rentals_and_tours_asia,olegovk,olegovk
top_recreation_outdoors_camping_campgrounds_north_america_united_states_california,straitus,straitus
top_recreation_outdoors_camping_cooking,sahbbg,sahbbg
top_recreation_outdoors_fishing_freshwater,erdekaiser,erdekaiser
top_recreation_outdoors_fishing_guides_and_charters_europe,osprey,osprey
top_recreation_outdoors_fishing_guides_and_charters_middle_east,osprey,osprey
top_recreation_outdoors_fishing_guides_and_charters_oceania,fortehwin,fortehwin
top_recreation_outdoors_hunting_guides_and_outfitters_africa_south_africa,jmac2507,jmac2507
top_recreation_outdoors_hunting_guides_and_outfitters_north_america_canada_manitoba,rjones1987,rjones1987
top_recreation_outdoors_scuba_diving_regional_north_america_united_states_nevada,jamie2scuba,jamie2scuba
top_recreation_outdoors_urban_exploration,shedragon,shedragon
top_recreation_outdoors_wildlife_bats,sutty,sutty
top_recreation_pets_birds_species_finches_canaries_song,gwolnik,gwolnik
top_recreation_pets_birds_species_finches_canaries_song_clubs_and_organizations,gwolnik,gwolnik
top_recreation_pets_cats,dexter2002,dexter2002
top_recreation_pets_cats_breeds_birman_catteries,dexter2002,dexter2002
top_recreation_pets_cats_breeds_maine_coon,ghufran,ghufran
top_recreation_pets_cats_rescues_and_shelters_north_america_united_states_nebraska,lincolnigs11,lincolnigs11
top_recreation_pets_dogs_breeds_nonsporting-utility_group_tibetan_terrier,bodjul,bodjul
top_recreation_pets_dogs_breeds_toy_group_italian_greyhound,lincolnigs11,lincolnigs11
top_recreation_pets_dogs_breeds_working_group_bernese_mountain_dog,colochris,colochris
top_recreation_pets_dogs_breeds_working_group_bernese_mountain_dog_breeders,colochris,colochris
top_recreation_pets_dogs_rescues_and_shelters_north_america_united_states,lincolnigs11,lincolnigs11
top_recreation_pets_fish_and_aquaria,bkalafut,bkalafut
top_recreation_pets_fish_and_aquaria_freshwater,bkalafut,bkalafut
top_recreation_pets_fish_and_aquaria_freshwater_species_killifish,bkalafut,bkalafut
top_recreation_scouting_resources_pinewood_derby,maximumvel,maximumvel
top_recreation_scouting_resources_pinewood_derby_car_building_supplies,maximumvel,maximumvel
top_recreation_scouting_resources_pinewood_derby_race_management_equipment_and_software,maximumvel,maximumvel
top_recreation_scouting_resources_pinewood_derby_racing_leagues,maximumvel,maximumvel
top_recreation_scouting_resources_pinewood_derby_raingutter_and_sailboat_regatta,maximumvel,maximumvel
top_recreation_scouting_resources_scoutcraft_ropecraft,nelsonlizard,nelsonlizard
top_recreation_theme_parks,samiam,samiam
top_recreation_tobacco_hookah,nima,nima
top_recreation_trains_and_railroads,stogie,stogie
top_recreation_trains_and_railroads_history,stogie,stogie
top_recreation_trains_and_railroads_rail-fanning_and_train-spotting,stogie,stogie
top_recreation_travel,ianwfs,ianwfs
top_recreation_travel_consolidators_vacations,tatiana,tatiana
top_recreation_travel_lodging_hostels_europe_united_kingdom,samdalley,samdalley
top_recreation_travel_lodging_hostels_europe_united_kingdom_england,samdalley,samdalley
top_recreation_travel_preparation_currencies_exchange_rates,melly72,melly72
top_recreation_travel_preparation_currencies_exchange_services,melly72,melly72
top_recreation_travel_preparation_passports_and_visas_russia,silenzushka,silenzushka
top_recreation_travel_specialty_travel_backpacking_travelogues,sidneyj,sidneyj
top_recreation_travel_specialty_travel_boat_charters,elper,elper
top_recreation_travel_specialty_travel_boat_charters_agents_middle_east,aengin,aengin
top_recreation_travel_specialty_travel_boat_charters_fleet_operators_middle_east,aengin,aengin
top_recreation_travel_specialty_travel_boat_charters_individual_yachts_middle_east,aengin,aengin
top_recreation_travel_specialty_travel_boat_charters_middle_east,aengin,aengin
top_recreation_travel_specialty_travel_spas_europe,ghisolabella,ghisolabella
top_recreation_travel_specialty_travel_supernatural,ghufran,ghufran
top_recreation_travel_transportation_carpooling,rideshareexpert,rideshareexpert
top_recreation_travel_transportation_hitchhiking,adr1an0,adr1an0
top_recreation_travel_travelogues_around_the_world,mhodgson,mhodgson
top_recreation_travel_travelogues_central_america,sidneyj,sidneyj
top_reference_archives_social_history,thornintherose,thornintherose
top_reference_dictionaries_by_subject_business_accounting,toddp,toddp
top_reference_dictionaries_world_languages_c_chinese,cain606,cain606
top_reference_dictionaries_world_languages_e_english_slang,gurlinahlawat,gurlinahlawat
top_reference_dictionaries_world_languages_j_japanese,cain606,cain606
top_reference_directories_address_and_phone_numbers_area_codes,dbrennar,dbrennar
top_reference_education_colleges_and_universities_africa_nigeria,ibotyle,ibotyle
top_reference_education_colleges_and_universities_asia_india_gujarat,sidds123450,sidds123450
top_reference_education_colleges_and_universities_asia_india_uttar_pradesh,swaraj,swaraj
top_reference_education_colleges_and_universities_asia_india_west_bengal,arindra,arindra
top_reference_education_colleges_and_universities_asia_japan,yochi,yochi
top_reference_education_colleges_and_universities_asia_malaysia,tengs,tengs
top_reference_education_colleges_and_universities_asia_singapore_national_university_of_singapore,geraldtan,geraldtan
top_reference_education_colleges_and_universities_asia_singapore_national_university_of_singapore_medicine,geraldtan,geraldtan
top_reference_education_colleges_and_universities_college_life_weblogs,davemann,davemann
top_reference_education_colleges_and_universities_directories,davemann,davemann
top_reference_education_colleges_and_universities_europe,jennyhorm,jennyhorm
top_reference_education_colleges_and_universities_europe_germany,tschild,tschild
top_reference_education_colleges_and_universities_europe_norway,hansfn,hansfn
top_reference_education_colleges_and_universities_europe_united_kingdom,chaos127,chaos127
top_reference_education_colleges_and_universities_europe_united_kingdom,paulknight,paulknight
top_reference_education_colleges_and_universities_europe_united_kingdom_england_university_of_cambridge,rpfuller,rpfuller
top_reference_education_colleges_and_universities_europe_united_kingdom_england_university_of_cambridge_colleges_emmanuel_college,rpfuller,rpfuller
top_reference_education_colleges_and_universities_europe_united_kingdom_open_university,paulw99,paulw99
top_reference_education_colleges_and_universities_financial_aid,davemann,davemann
top_reference_education_colleges_and_universities_north_america_canada_ontario,ndallen,ndallen
top_reference_education_colleges_and_universities_north_america_united_states,mcoupal,mcoupal
top_reference_education_colleges_and_universities_north_america_united_states_california_california_state_university_san_francisco_state_university,marymad,marymad
top_reference_education_colleges_and_universities_north_america_united_states_connecticut,omaxfield,omaxfield
top_reference_education_colleges_and_universities_north_america_united_states_louisiana_louisiana_state_university_baton_rouge,cmconsulting,cmconsulting
top_reference_education_colleges_and_universities_oceania_australia_victoria_the_university_of_melbourne,andrewh,andrewh
top_reference_education_directories,appliedlinguist,appliedlinguist
top_reference_education_distance_learning_directories,jemodile,jemodile
top_reference_education_distance_learning_institutions_australia,rickyhobbs,rickyhobbs
top_reference_education_international_international_schools_asia,jgwright,jgwright
top_reference_education_k_through_12_private_schools_residential_military,dmcd,dmcd
top_reference_education_products_and_services_test_preparation_lsat,graemeblake,graemeblake
top_reference_knots,nelsonlizard,nelsonlizard
top_reference_libraries_library_and_information_science_technical_services,tomiz,tomiz
top_reference_maps_openstreetmap,chaos127,chaos127
top_reference_museums_cultural_religious_judaism,lire,lire
top_reference_museums_museum_resources_documentation_and_cataloguing_museum_collection_software,felixs,felixs
top_reference_parliamentary_procedure,rodavidson,rodavidson
top_reference_quotations,webcoder,webcoder
top_reference_time_clocks_and_watches,iceone23,iceone23
top_reference_time_current_time,iceone23,iceone23
top_regional,davidjahorne,davidjahorne
top_regional,angela45,angela45
top_regional,shadow575,shadow575
top_regional,ianwfs,ianwfs
top_regional,snooks,snooks
top_regional,revr,revr
top_regional_africa_business_and_economy_agriculture,foodfor,foodfor
top_regional_africa_egypt_news_and_media,ba7r,ba7r
top_regional_africa_egypt_travel_and_tourism_travel_services_tour_operators,amr444,amr444
top_regional_africa_egypt_travel_and_tourism_travel_services_travel_agents,amr444,amr444
top_regional_africa_nigeria_business_and_economy_financial_services,lanreogunbanwo,lanreogunbanwo
top_regional_africa_nigeria_business_and_economy_industrial,lanreogunbanwo,lanreogunbanwo
top_regional_africa_nigeria_business_and_economy_property,michaelwebguy,michaelwebguy
top_regional_africa_nigeria_localities_abuja,mexabet,mexabet
top_regional_africa_nigeria_localities_lagos_business_and_economy,mexabet,mexabet
top_regional_africa_nigeria_news_and_media,mfonabel,mfonabel
top_regional_africa_nigeria_travel_and_tourism,lanreogunbanwo,lanreogunbanwo
top_regional_africa_south_africa_business_and_economy_industrial_manufacturing,sabiz,sabiz
top_regional_africa_south_africa_health_doctors_and_surgeries,brandonaevans,brandonaevans
top_regional_africa_south_africa_kwazulu-natal_durban,clintonpillay,clintonpillay
top_regional_africa_south_africa_kwazulu-natal_durban_travel_and_tourism,gmd,gmd
top_regional_africa_south_africa_kwazulu-natal_travel_and_tourism,gmd,gmd
top_regional_africa_south_africa_travel_and_tourism_accommodation_directories,ptmh,ptmh
top_regional_africa_western_sahara,koavf,koavf
top_regional_asia,sankarrukku,sankarrukku
top_regional_asia_armenia,sahak,sahak
top_regional_asia_azerbaijan,salis,salis
top_regional_asia_bangladesh_maps_and_views_maps,hiiraa,hiiraa
top_regional_asia_china,florawilberforce,florawilberforce
top_regional_asia_china,shenhemu,shenhemu
top_regional_asia_china_education,mousaka,mousaka
top_regional_asia_china_education_teaching,mousaka,mousaka
top_regional_asia_china_society_and_culture_expatriate_life,mousaka,mousaka
top_regional_asia_china_society_and_culture_personal_pages,mousaka,mousaka
top_regional_asia_georgia_business_and_economy,saqartvelo,saqartvelo
top_regional_asia_hong_kong_business_and_economy_shopping_jewellery,gaurav3,gaurav3
top_regional_asia_india,sankarrukku,sankarrukku
top_regional_asia_india,arindra,arindra
top_regional_asia_india_business_and_economy_computers_and_internet_access_providers,ciyer,ciyer
top_regional_asia_india_business_and_economy_computers_and_internet_training,ciyer,ciyer
top_regional_asia_india_business_and_economy_employment_job_boards,ciyer,ciyer
top_regional_asia_india_business_and_economy_shopping,saxenan80,saxenan80
top_regional_asia_india_gujarat,sidds123450,sidds123450
top_regional_asia_india_gujarat_localities_rajkot_business_and_economy_computers_and_internet,shetul,shetul
top_regional_asia_india_karnataka_localities_bangalore_business_and_economy_industrial_manufacturing,kmish,kmish
top_regional_asia_india_maharashtra_localities_mumbai_business_and_economy_industrial_manufacturing_packaging,adnan110,adnan110
top_regional_asia_india_maharashtra_localities_mumbai_news_and_media,nishitcs94,nishitcs94
top_regional_asia_india_maharashtra_localities_nashik,sureshsarode,sureshsarode
top_regional_asia_india_news_and_media,sidds123450,sidds123450
top_regional_asia_india_orissa_localities_puri,dalexandre,dalexandre
top_regional_asia_india_tamil_nadu_arts_and_entertainment_movies,erudita,erudita
top_regional_asia_india_tamil_nadu_localities_chennai_travel_and_tourism,suriyakumar,suriyakumar
top_regional_asia_india_tamil_nadu_society_and_culture,kswamy,kswamy
top_regional_asia_japan_education,yochi,yochi
top_regional_asia_japan_prefectures_gunma,nyon,nyon
top_regional_asia_japan_prefectures_hiroshima,whitebear,whitebear
top_regional_asia_japan_prefectures_kagawa,neiljb,neiljb
top_regional_asia_japan_prefectures_okayama,whitebear,whitebear
top_regional_asia_japan_prefectures_yamaguchi,whitebear,whitebear
top_regional_asia_japan_regions_chugoku,whitebear,whitebear
top_regional_asia_japan_transportation_ports,ntakano,ntakano
top_regional_asia_japan_transportation_shipyards,ntakano,ntakano
top_regional_asia_malaysia_business_and_economy,sttan,sttan
top_regional_asia_malaysia_government,sttan,sttan
top_regional_asia_malaysia_states_and_federal_territories_kuala_lumpur,sttan,sttan
top_regional_asia_malaysia_states_and_federal_territories_kuala_lumpur_business_and_economy,sttan,sttan
top_regional_asia_malaysia_states_and_federal_territories_kuala_lumpur_health,sttan,sttan
top_regional_asia_malaysia_states_and_federal_territories_kuala_lumpur_transportation,sttan,sttan
top_regional_asia_malaysia_states_and_federal_territories_selangor,sttan,sttan
top_regional_asia_pakistan_provinces_islamabad_capital_territory,shedi007,shedi007
top_regional_asia_philippines_business_and_economy_real_estate,kwiltshire,kwiltshire
top_regional_asia_regions_southeast_asia,sttan,sttan
top_regional_asia_regions_southeast_asia_travel_and_tourism,sttan,sttan
top_regional_asia_singapore_business_and_economy_computers_and_internet_web_design_and_development,nhc,nhc
top_regional_asia_singapore_business_and_economy_industrial_electronics,amartial,amartial
top_regional_asia_singapore_business_and_economy_restaurants_and_bars,vinu,vinu
top_regional_asia_singapore_health,geraldtan,geraldtan
top_regional_asia_singapore_health_complementary_and_alternative,sakyamuni,sakyamuni
top_regional_asia_singapore_society_and_culture,geraldtan,geraldtan
top_regional_asia_sri_lanka,sirisusara,sirisusara
top_regional_asia_sri_lanka_business_and_economy_industrial_manufacturing,rohitha,rohitha
top_regional_asia_sri_lanka_news_and_media,ranjith,ranjith
top_regional_asia_sri_lanka_society_and_culture,ranjith,ranjith
top_regional_asia_sri_lanka_society_and_culture_history,ranjith,ranjith
top_regional_asia_sri_lanka_society_and_culture_politics,kswamy,kswamy
top_regional_asia_taiwan_business_and_economy,chakra,chakra
top_regional_asia_taiwan_localities,chakra,chakra
top_regional_asia_thailand_business_and_economy,awcode,awcode
top_regional_asia_thailand_business_and_economy_computers_and_internet_web_design_and_development,awcode,awcode
top_regional_asia_thailand_news_and_media,moui,moui
top_regional_asia_thailand_provinces_bangkok_arts_and_entertainment_clubs_and_venues,wisebwoy,wisebwoy
top_regional_asia_thailand_provinces_chon_buri_pattaya,hoot,hoot
top_regional_asia_thailand_provinces_phuket_recreation_and_sports_scuba_diving,thaidiver2006,thaidiver2006
top_regional_asia_thailand_travel_and_tourism_lodging,codemanx,codemanx
top_regional_asia_uzbekistan,salis,salis
top_regional_asia_vietnam,jgwright,jgwright
top_regional_asia_vietnam_business_and_economy,prosubin,prosubin
top_regional_asia_vietnam_business_and_economy_computers_and_internet,prosubin,prosubin
top_regional_asia_vietnam_provinces_hanoi_hanoi_travel_and_tourism_travel_guides,banga,banga
top_regional_caribbean_barbados,bim246,bim246
top_regional_caribbean_barbados_business_and_economy,bim246,bim246
top_regional_caribbean_barbados_science_and_environment,bim246,bim246
top_regional_caribbean_travel_and_tourism_travel_services_travel_agents,johnner,johnner
top_regional_caribbean_turks_and_caicos_recreation_and_sports,islandtimes,islandtimes
top_regional_caribbean_turks_and_caicos_travel_and_tourism,islandtimes,islandtimes
top_regional_caribbean_turks_and_caicos_travel_and_tourism_lodging_resorts,islandtimes,islandtimes
