fromId,toId,toName
top_regional_oceania,fortehwin,fortehwin
top_regional_oceania_australia,snooks,snooks
top_regional_oceania_australia,mnirgr,mnirgr
top_regional_oceania_australia_business_and_economy_computers_and_internet_web_design_and_development,cdiprose,cdiprose
top_regional_oceania_australia_business_and_economy_financial_services_insurance,jamesglewisf,jamesglewisf
top_regional_oceania_australia_business_and_economy_financial_services_investing_traditional_full_service,darvas,darvas
top_regional_oceania_australia_business_and_economy_real_estate,mnirgr,mnirgr
top_regional_oceania_australia_business_and_economy_real_estate_commercial,mnirgr,mnirgr
top_regional_oceania_australia_business_and_economy_shopping_children,george79,george79
top_regional_oceania_australia_business_and_economy_shopping_children,melissablight,melissablight
top_regional_oceania_australia_business_and_economy_shopping_health_products,debbiejr,debbiejr
top_regional_oceania_australia_business_and_economy_shopping_pets,aforbes,aforbes
top_regional_oceania_australia_education_vocational_and_technical,rust,rust
top_regional_oceania_australia_news_and_media,tlewis,tlewis
top_regional_oceania_australia_new_south_wales_business_and_economy_real_estate,mnirgr,mnirgr
top_regional_oceania_australia_new_south_wales_municipalities_gosford_city_health,rickyhobbs,rickyhobbs
top_regional_oceania_australia_queensland_business_and_economy_real_estate,mnirgr,mnirgr
top_regional_oceania_australia_queensland_education_vocational_and_technical,rust,rust
top_regional_oceania_australia_society_and_culture_women,singlemummy,singlemummy
top_regional_oceania_australia_south_australia_business_and_economy_real_estate,mnirgr,mnirgr
top_regional_oceania_australia_victoria_business_and_economy_real_estate,mnirgr,mnirgr
top_regional_oceania_australia_victoria_localities_a_airport_west_business_and_economy,jscrazy,jscrazy
top_regional_oceania_australia_victoria_localities_b_bentleigh_east_business_and_economy,jscrazy,jscrazy
top_regional_oceania_australia_victoria_localities_b_braeside_business_and_economy,jscrazy,jscrazy
top_regional_oceania_australia_victoria_localities_d_dandenong_business_and_economy,jscrazy,jscrazy
top_regional_oceania_australia_victoria_localities_o_oakleigh_east,jscrazy,jscrazy
top_regional_oceania_australia_victoria_localities_t_thomastown_business_and_economy,jscrazy,jscrazy
top_regional_oceania_australia_victoria_news_and_media,tlewis,tlewis
top_regional_oceania_australia_western_australia_business_and_economy_real_estate,mnirgr,mnirgr
top_regional_oceania_new_zealand,enzedted,enzedted
top_regional_oceania_new_zealand_arts_and_entertainment_music_bands_and_artists,stunz,stunz
top_regional_oceania_new_zealand_business_and_economy_shopping_clothing,advocatus,advocatus
top_regional_oceania_new_zealand_canterbury_christchurch_arts_and_entertainment,stunz,stunz
top_regional_oceania_new_zealand_nelson_localities_nelson_city_news_and_media,nelsonlizard,nelsonlizard
top_regional_oceania_new_zealand_nelson_news_and_media,nelsonlizard,nelsonlizard
top_regional_oceania_new_zealand_wellington_society_and_culture_politics,fiduci,fiduci
top_regional_polar_regions_antarctic_antarctica_weather,roolee,roolee
top_regional_south_america_brazil,drhus,drhus
top_regional_south_america_suriname,pvgool,pvgool
top_science,angela45,angela45
top_science_agriculture,plantrob,plantrob
top_science_anomalies_and_alternative_science,shedragon,shedragon
top_science_biology_biochemistry_and_molecular_biology_gene_expression,danav,danav
top_science_biology_biochemistry_and_molecular_biology_products_and_services,danav,danav
top_science_biology_biochemistry_and_molecular_biology_products_and_services_contract_services,danav,danav
top_science_biology_cell_biology,sutty,sutty
top_science_biology_cell_biology,danav,danav
top_science_biology_developmental_biology,sutty,sutty
top_science_biology_flora_and_fauna_animalia_arthropoda_insecta_lepidoptera_heterocera_tineidae,neiljb,neiljb
top_science_biology_flora_and_fauna_animalia_chordata_fish_bony,nyon,nyon
top_science_biology_flora_and_fauna_animalia_tardigrada,bgoldstein,bgoldstein
top_science_biology_genetics_eukaryotic_plant_dicots_solanaceae,ndallen,ndallen
top_science_biology_immunology,sutty,sutty
top_science_biology_reference,vincenttodd,vincenttodd
top_science_biology_toxicology,sutty,sutty
top_science_chemistry_analytical,sutty,sutty
top_science_chemistry_chemical_databases,compchemguy,compchemguy
top_science_earth_sciences_natural_disasters_and_hazards,jezebel,jezebel
top_science_environment_biodiversity_agricultural,pmulvany,pmulvany
top_science_environment_biodiversity_agricultural_aquatic_diversity,pmulvany,pmulvany
top_science_environment_biodiversity_agricultural_clearing_houses,pmulvany,pmulvany
top_science_environment_biodiversity_agricultural_domestic_animal_diversity,pmulvany,pmulvany
top_science_environment_biodiversity_agricultural_on-farm_crop_diversity,pmulvany,pmulvany
top_science_environment_biodiversity_agricultural_seed_savers,pmulvany,pmulvany
top_science_environment_biodiversity_genetic_resources,pmulvany,pmulvany
top_science_environment_hazardous_materials,agarside,agarside
top_science_environment_hazardous_materials_remediation_technology_biological_remediation,agarside,agarside
top_science_environment_sustainability_sustainable_living,fortehwin,fortehwin
top_science_events_conferences,marthacastano,marthacastano
top_science_math,chaos127,chaos127
top_science_math_education_homework_help_paid_services,dmarcus,dmarcus
top_science_math_mathematicians,smartjim,smartjim
top_science_math_statistics_publications_journals,mathsci,mathsci
top_science_news_and_media_breaking_news,sergio97,sergio97
top_science_physics_computational,etorres,etorres
top_science_physics_history,drjcp,drjcp
top_science_science_in_society_forensic_science,sutty,sutty
top_science_search_engines,phwagner,phwagner
top_science_social_sciences_archaeology_regional_europe_sweden,informator,informator
top_science_social_sciences_economics_academic_departments_europe_russia,utility1,utility1
top_science_social_sciences_economics_financial_economics_currency_and_money_alternative_monetary_systems_cryptocurrencies_bitcoin,ottodv,ottodv
top_science_social_sciences_economics_forecasting_and_consulting,latremoliere,latremoliere
top_science_social_sciences_linguistics_applied_linguistics,appliedlinguist,appliedlinguist
top_science_social_sciences_linguistics_conferences,appliedlinguist,appliedlinguist
top_science_social_sciences_linguistics_languages_constructed_international_auxiliary_interlingua,mcdutchie,mcdutchie
top_science_social_sciences_linguistics_languages_constructed_reformed_and_modified_english,nelsonlizard,nelsonlizard
top_science_social_sciences_linguistics_languages_natural_dravidian_tamil,kswamy,kswamy
top_science_social_sciences_linguistics_languages_natural_dravidian_telugu,telugu,telugu
top_science_social_sciences_linguistics_languages_natural_indo-european_germanic_english_old_english,tomnor1,tomnor1
top_science_social_sciences_linguistics_languages_natural_indo-european_indo-iranian_iranian_kurdish,sahinler,sahinler
top_science_social_sciences_linguistics_languages_natural_indo-european_italic_romance_french_learning_online_lessons,davidi,davidi
top_science_social_sciences_linguistics_people,appliedlinguist,appliedlinguist
top_science_social_sciences_linguistics_professional_organizations,appliedlinguist,appliedlinguist
top_science_social_sciences_political_science_data_resources,mathsci,mathsci
top_science_social_sciences_political_science_organizations,mathsci,mathsci
"top_science_social_sciences_political_science_political_philosophy_political_philosophers_strauss,_leo",sngins,sngins
top_science_social_sciences_political_science_publications,mathsci,mathsci
top_science_social_sciences_psychology_dreams,mindspring,mindspring
top_science_social_sciences_psychology_humanistic,sephfp,sephfp
top_science_social_sciences_psychology_positive_psychology,sephfp,sephfp
top_science_social_sciences_psychology_psychoanalytic_and_psychodynamic,mindspring,mindspring
top_science_social_sciences_psychology_psychology_and_religion_neurotheology,neurolabshaman,neurolabshaman
top_science_technology_energy_conservation,tech,tech
top_science_technology_materials,glatthor,glatthor
top_science_technology_metrology,sutty,sutty
top_science_technology_safety_engineering_automotive_safety,smoorefu,smoorefu
top_science_technology_software_for_engineering_finite_element_analysis,smoorefu,smoorefu
top_science_technology_welding,weldman,weldman
top_shopping,lisagirl,lisagirl
top_shopping,mollybdenum,mollybdenum
top_shopping_antiques_and_collectibles_cameras_and_photographs,julies,julies
top_shopping_antiques_and_collectibles_celebrity_memorabilia_autographs,gia88,gia88
top_shopping_antiques_and_collectibles_stamps_by_region_british_commonwealth,golowenow,golowenow
top_shopping_antiques_and_collectibles_stamps_by_region_europe,golowenow,golowenow
top_shopping_antiques_and_collectibles_stamps_by_region_north_america_united_states,philatelist,philatelist
top_shopping_antiques_and_collectibles_stamps_by_region_oceania,golowenow,golowenow
top_shopping_antiques_and_collectibles_stamps_supplies_software,prashant,prashant
top_shopping_antiques_and_collectibles_stamps_supplies_software,philatelist,philatelist
top_shopping_auctions_antiques_and_collectibles_autographs,gia88,gia88
top_shopping_classifieds_automotive,segiles,segiles
top_shopping_clothing_costumes_science_fiction_and_fantasy,arubin,arubin
top_shopping_clothing_footwear_specialty_sizes,rocky10,rocky10
top_shopping_clothing_formal_wear_women_s_bridal_veils,pearjas,pearjas
top_shopping_clothing_niche_genre_and_subculture_gothic,jasemoz,jasemoz
top_shopping_clothing_niche_genre_and_subculture_punk,jasemoz,jasemoz
top_shopping_clothing_niche_genre_and_subculture_rockabilly,jasemoz,jasemoz
top_shopping_consumer_electronics_accessories_batteries,stevefro,stevefro
top_shopping_consumer_electronics_communications_wireless,foxtrot13,foxtrot13
top_shopping_consumer_electronics_communications_wireless_cellular_phones_accessories_iphone,theobserver,theobserver
top_shopping_consumer_electronics_communications_wireless_cellular_phones_recycling,cellguy,cellguy
top_shopping_consumer_electronics_communications_wireless_cellular_phones_repair_services,cellguy,cellguy
top_shopping_crafts_fiber_arts_needlework,purplekitty,purplekitty
"top_shopping_crafts_fiber_arts_needlework_blankets,_throws,_afghans",purplekitty,purplekitty
top_shopping_crafts_fiber_arts_needlework_cross_stitch,purplekitty,purplekitty
top_shopping_crafts_fiber_arts_needlework_cross_stitch,mollybdenum,mollybdenum
top_shopping_crafts_fiber_arts_needlework_knitting,purplekitty,purplekitty
top_shopping_crafts_fiber_arts_quilts,smartjim,smartjim
top_shopping_crafts_fiber_arts_quilts_machine_quilting,smartjim,smartjim
top_shopping_crafts_jewelry_gemstone,wisebwoy,wisebwoy
top_shopping_crafts_jewelry_supplies,melodychen,melodychen
top_shopping_crafts_supplies_fiber_arts_fabric_apparel,hairbymaurice,hairbymaurice
top_shopping_crafts_supplies_fiber_arts_needlework_cross_stitch,mollybdenum,mollybdenum
top_shopping_crafts_woodcraft_puzzles,karin777,karin777
top_shopping_crafts_woodcraft_woodturning_writing_instruments,djwood1,djwood1
top_shopping_entertainment_recordings_audio_music_vinyl,jasemoz,jasemoz
top_shopping_entertainment_recordings_video_silent_movies,julies,julies
top_shopping_flowers_artificial_and_silk_plants_and_trees,stacey,stacey
top_shopping_flowers_florists_north_america_united_states,mrhankey,mrhankey
top_shopping_flowers_florists_oceania_australia_victoria,george79,george79
top_shopping_food_seasonings_spices,greekgourmand,greekgourmand
top_shopping_food_snacks,sahbbg,sahbbg
top_shopping_food_sweeteners,segiles,segiles
top_shopping_general_merchandise_g,jezebel,jezebel
top_shopping_gifts_personalized_stationery_labels,owlbaa,owlbaa
top_shopping_health_beauty_hair_removal,hobart,hobart
top_shopping_health_beauty_skin_care_men,virgil,virgil
top_shopping_health_disabilities,rocky10,rocky10
top_shopping_health_emergency_and_safety_medical_alert_systems,nevameyers,nevameyers
top_shopping_health_nutrition_green_foods,hdwillis,hdwillis
top_shopping_health_nutrition_green_foods,rossbridgeford,rossbridgeford
top_shopping_holidays,peterrobson,peterrobson
top_shopping_home_and_garden,johnsilvek,johnsilvek
top_shopping_home_and_garden_furniture_bedroom,greenocean,greenocean
top_shopping_home_and_garden_furniture_seating_beanbags,geoffbrand,geoffbrand
top_shopping_home_and_garden_kitchen_and_dining_appliances_parts,pj1s,pj1s
top_shopping_home_and_garden_plants,plantrob,plantrob
top_shopping_home_and_garden_plants_trees_bonsai,sanneknoll,sanneknoll
top_shopping_jewelry_body_piercing,hannah527,hannah527
top_shopping_jewelry_handcrafted_gemstones,wisebwoy,wisebwoy
top_shopping_jewelry_handcrafted_theme_religious_christian,stevefro,stevefro
top_shopping_jewelry_supplies_gemstones,wisebwoy,wisebwoy
top_shopping_jewelry_supplies_gemstones_faceted,wisebwoy,wisebwoy
top_shopping_music_instruments_stringed_banjo,tomhanway,tomhanway
top_shopping_niche_bodyart_tattoo,stefanota2,stefanota2
top_shopping_niche_gothic,jasemoz,jasemoz
top_shopping_niche_vegan,rossbridgeford,rossbridgeford
top_shopping_niche_vegan,prometheusuk,prometheusuk
top_shopping_office_products_furniture,joemann,joemann
top_shopping_office_products_supplies_stationery_and_paper,owlbaa,owlbaa
top_shopping_pets_cats_and_dogs_clothing_and_accessories,aforbes,aforbes
"top_shopping_pets_cats_and_dogs_collars,_leads_and_harnesses_identity_tags",bmunveiled,bmunveiled
top_shopping_pets_supplies_mobility_aids,cmerry,cmerry
top_shopping_photography_used_equipment,diser,diser
top_shopping_publications_books_blank_books,batgreen,batgreen
top_shopping_sports_airsoft,mrbrianspencer,mrbrianspencer
top_shopping_sports_equestrian_healthcare_and_grooming_dentistry,borg,borg
top_shopping_sports_fantasy,mrfootball,mrfootball
top_shopping_sports_football_american_nfl_green_bay_packers,bubby1,bubby1
top_shopping_sports_memorabilia_autographs,gia88,gia88
top_shopping_tools_trade_specific_and_specialty,ducktoes,ducktoes
top_shopping_toys_and_games,roolee,roolee
top_shopping_toys_and_games_games_video_games_guides_and_documentation,leuba,leuba
top_shopping_toys_and_games_outdoor_play,gardengamer,gardengamer
top_shopping_toys_and_games_varied_merchandise,roolee,roolee
top_shopping_vehicles_autos,davemann,davemann
top_shopping_vehicles_autos_custom_and_collector_cars_customized_cars_sport_compact,pappy99,pappy99
top_shopping_vehicles_parts_and_accessories_wheels_and_tires,cmurray,cmurray
top_society,shadow575,shadow575
top_society_crime_theft_identity_theft_phishing,garyhins,garyhins
top_society_death_death_care_cemeteries_image_galleries_north_america_canada,shedragon,shedragon
top_society_death_death_care_funeral_services_europe,jezebel,jezebel
top_society_disabled,rocky10,rocky10
top_society_ethnicity_asian_middle_eastern_kurdish,sahinler,sahinler
top_society_ethnicity_asian_southern_tamil,kswamy,kswamy
top_society_folklore,theseeker,theseeker
top_society_folklore_literature_tales_fairy_tales,aduff,aduff
top_society_folklore_literature_tales_legends,aduff,aduff
top_society_folklore_literature_tales_legends_arthurian,aduff,aduff
top_society_folklore_literature_tales_legends_holy_grail,aduff,aduff
top_society_future,shedragon,shedragon
"top_society_gay,_lesbian,_and_bisexual",smoorefu,smoorefu
"top_society_gay,_lesbian,_and_bisexual_bisexual",smoorefu,smoorefu
"top_society_gay,_lesbian,_and_bisexual_computers_and_internet_podcasts",tommorris,tommorris
top_society_government_government-related_organizations_postal_services,prashant,prashant
top_society_history,shedragon,shedragon
top_society_history_by_region_europe_germany,tschild,tschild
top_society_history_by_region_middle_east_kurdistan,sahinler,sahinler
top_society_history_by_region_north_america_united_states_wars_civil_war,rl2341,rl2341
top_society_history_by_time_period_ancient_rome,krazor,krazor
top_society_holidays_online_games,julies,julies
top_society_holidays_thanksgiving_canadian_thanksgiving,thehoss,thehoss
top_society_issues,angela45,angela45
top_society_issues_animal_welfare_animal_rights,johnner,johnner
top_society_issues_animal_welfare_animal_rights_activism,johnner,johnner
top_society_issues_apathy,sahbbg,sahbbg
top_society_issues_business_corporate_accountability,josephmcelroy,josephmcelroy
top_society_issues_environment_noise_pollution,sarks,sarks
top_society_issues_fraud_business_opportunities,kenzo,kenzo
top_society_issues_fraud_internet_make_money_fast,sevans,sevans
top_society_issues_health_body_image_fat_acceptance,smoorefu,smoorefu
top_society_issues_health_conditions_and_diseases_sexually_transmitted_diseases_aids_people,joshuarobbins,joshuarobbins
top_society_issues_intellectual_property,jennyhorm,jennyhorm
top_society_issues_intellectual_property_genetic_resources,pmulvany,pmulvany
top_society_issues_poverty,whizky,whizky
top_society_issues_survivalism,rjohnston,rjohnston
top_society_law,arlarson,arlarson
top_society_law_legal_information_product_liability_occupational_asbestos,padgettr80,padgettr80
top_society_law_legal_information_product_liability_occupational_asbestos,sergiuo90,sergiuo90
top_society_law_organizations_bar_associations_north_america_united_states_connecticut,ctattorney,ctattorney
top_society_law_services_lawyers_and_law_firms_bankruptcy_law_north_america_united_states_illinois,jimip,jimip
top_society_law_services_lawyers_and_law_firms_business_and_corporate_law_middle_east_israel,yuvalweiss,yuvalweiss
top_society_law_services_lawyers_and_law_firms_criminal_defense_north_america_united_states_new_york,pogo,pogo
top_society_law_services_lawyers_and_law_firms_family_law_north_america_united_states_new_york,jimip,jimip
top_society_law_services_lawyers_and_law_firms_general_practice_north_america_united_states_mississippi,nyms,nyms
top_society_law_services_lawyers_and_law_firms_general_practice_north_america_united_states_washington,legalboyj,legalboyj
top_society_law_services_lawyers_and_law_firms_immigration_north_america_united_states,dexter2002,dexter2002
top_society_law_services_lawyers_and_law_firms_property_law_and_real_estate_north_america_united_states_connecticut,ctattorney,ctattorney
top_society_law_services_medical,sutty,sutty
top_society_lifestyle_choices_veganism,johnner,johnner
top_society_lifestyle_choices_vegetarianism,johnner,johnner
top_society_military_special_operations_denmark,pjensen,pjensen
top_society_military_special_operations_united_kingdom,denisnelson,denisnelson
top_society_organizations_animal_welfare_rescues_and_shelters_horses_north_america_united_states_nebraska,lincolnigs11,lincolnigs11
top_society_organizations_animal_welfare_rescues_and_shelters_regional_north_america_united_states_nebraska,lincolnigs11,lincolnigs11
top_society_organizations_fraternal_freemasonry,bldarter,bldarter
top_society_organizations_fraternal_freemasonry_craft_masonry_grand_lodge_of_new_hampshire,scotnewbury,scotnewbury
top_society_paranormal_psychic_readings,bloggy,bloggy
top_society_paranormal_psychic_readings_remote_via_chat,bloggy,bloggy
top_society_people_celebrities_news_and_media_gossip,cheatone,cheatone
top_society_people_furry_conventions,earthfurst,earthfurst
top_society_people_generations_and_age_groups_youth_streetkids_asia_india,poipleshadow,poipleshadow
top_society_people_women_news_and_media_magazines_and_e-zines,fiduci,fiduci
top_society_people_women_on_the_web_magazines_and_e-zines,fiduci,fiduci
top_society_philanthropy_free_donations_animals_and_wildlife,roolee,roolee
top_society_philanthropy_hunger_relief_food_recovery,roolee,roolee
top_society_philanthropy_hunger_relief_food_recovery_plant_a_row_for_the_hungry,plantrob,plantrob
top_society_philanthropy_hunger_relief_meal_delivery,cmconsulting,cmconsulting
top_society_philosophy,jennyhorm,jennyhorm
top_society_philosophy_personal_pages,muzamil,muzamil
top_society_philosophy_personal_pages_essays,muzamil,muzamil
top_society_philosophy_philosophers,sngins,sngins
top_society_philosophy_philosophers_m_mocius,koavf,koavf
top_society_philosophy_philosophy_for_children,whizky,whizky
top_society_philosophy_philosophy_of_science_medicine,whizky,whizky
top_society_politics_campaigns_and_elections_products_and_services,gtryan,gtryan
top_society_politics_liberalism_libertarianism_news_and_media_weblogs,bkalafut,bkalafut
top_society_relationships_dating_speed_dating_europe,ihere,ihere
top_society_relationships_weddings_consultants_and_coordinators_regional_north_america_united_states_north_carolina,meg114,meg114
top_society_relationships_weddings_guides_and_directories,meg114,meg114
top_society_relationships_weddings_help_and_advice_economy_and_do-it-yourself,lalaglammer,lalaglammer
top_society_religion_and_spirituality,icxcnika,icxcnika
top_society_religion_and_spirituality_advaita_vedanta_current_teachers,saurabhtambe,saurabhtambe
top_society_religion_and_spirituality_afterlife,jezebel,jezebel
top_society_religion_and_spirituality_atheism,fortehwin,fortehwin
top_society_religion_and_spirituality_atheism_radio,tommorris,tommorris
"top_society_religion_and_spirituality_baha_ism_bahã¡_ã­_faith_-_universal_house_of_justice,_haifa",ernobe,ernobe
"top_society_religion_and_spirituality_baha_ism_bahã¡_ã­_faith_-_universal_house_of_justice,_haifa_bahã¡_i_studies",ernobe,ernobe
"top_society_religion_and_spirituality_baha_ism_bahã¡_ã­_faith_-_universal_house_of_justice,_haifa_personal_pages",ernobe,ernobe
top_society_religion_and_spirituality_christianity,revr,revr
top_society_religion_and_spirituality_christianity_bible_bible_study_by_topic_rapture_of_the_church_pre-tribulation_rapture,spruitt,spruitt
top_society_religion_and_spirituality_christianity_broadcasting,sounddude,sounddude
"top_society_religion_and_spirituality_christianity_broadcasting_radio_stations_united_states_washington,_dc",sbeiser,sbeiser
top_society_religion_and_spirituality_christianity_christian_living_devotionals,revr,revr
top_society_religion_and_spirituality_christianity_churches_europe_germany,tschild,tschild
top_society_religion_and_spirituality_christianity_denominations,revr,revr
top_society_religion_and_spirituality_christianity_denominations_catholicism,icxcnika,icxcnika
top_society_religion_and_spirituality_christianity_denominations_catholicism_businesses,cs234,cs234
top_society_religion_and_spirituality_christianity_denominations_evangelische_kirche_in_deutschland,tschild,tschild
top_society_religion_and_spirituality_christianity_denominations_methodist,revr,revr
top_society_religion_and_spirituality_christianity_denominations_methodist_methodist_church_of_great_britain,revr,revr
top_society_religion_and_spirituality_christianity_denominations_methodist_united_methodist_local_churches_united_states_michigan,searscf,searscf
top_society_religion_and_spirituality_christianity_denominations_plymouth_brethren,drjcp,drjcp
top_society_religion_and_spirituality_christianity_denominations_presbyterian,joemann,joemann
top_society_religion_and_spirituality_christianity_denominations_presbyterian_free_church_of_scotland,davidjahorne,davidjahorne
top_society_religion_and_spirituality_christianity_denominations_presbyterian_presbyterian_church_usa,joemann,joemann
top_society_religion_and_spirituality_christianity_denominations_seventh-day_adventist_books_online,dwinters,dwinters
top_society_religion_and_spirituality_christianity_education_distance_learning_institutions,drjcp,drjcp
top_society_religion_and_spirituality_christianity_education_k_through_12_australia,rickyhobbs,rickyhobbs
top_society_religion_and_spirituality_christianity_evangelism_resources_tracts,roscoe57,roscoe57
top_society_religion_and_spirituality_christianity_jesus_christ_the_shroud_of_turin,melekali,melekali
top_society_religion_and_spirituality_christianity_music,sounddude,sounddude
top_society_religion_and_spirituality_christianity_music_styles_rock_bands_and_artists_d_delirious,rpfuller,rpfuller
top_society_religion_and_spirituality_christianity_organizations_renewal_movements,bldarter,bldarter
top_society_religion_and_spirituality_christianity_pastoral_resources,revr,revr
top_society_religion_and_spirituality_christianity_perspectives_origins_and_creation_creation_vs_evolution,polliwog2,polliwog2
top_society_religion_and_spirituality_christianity_perspectives_origins_and_creation_young_earth_view,roscoe57,roscoe57
top_society_religion_and_spirituality_christianity_perspectives_origins_and_creation_young_earth_view_radiometric_dating,roscoe57,roscoe57
top_society_religion_and_spirituality_christianity_practices_spiritual_direction,avjs,avjs
top_society_religion_and_spirituality_christianity_theology_journals,robibrad,robibrad
top_society_religion_and_spirituality_christianity_theology_journals_evangelical,robibrad,robibrad
"top_society_religion_and_spirituality_christianity_theology_journals_pentecostal,_charismatic",robibrad,robibrad
"top_society_religion_and_spirituality_christianity_theology_theologians_modern_niebuhr,_h._richard",jcand,jcand
top_society_religion_and_spirituality_divination_i_ching,laosage,laosage
top_society_religion_and_spirituality_esoteric_and_occult_satanism,vexen,vexen
top_society_religion_and_spirituality_esoteric_and_occult_satanism_church_of_satan,vexen,vexen
top_society_religion_and_spirituality_hinduism,sankarrukku,sankarrukku
top_society_religion_and_spirituality_hinduism_gods_and_goddesses,sankarrukku,sankarrukku
top_society_religion_and_spirituality_judaism,boruch,boruch
top_society_religion_and_spirituality_judaism_arts,lire,lire
top_society_religion_and_spirituality_meditation,sankarrukku,sankarrukku
top_society_religion_and_spirituality_opposing_views_atheism_christian_views,roscoe57,roscoe57
top_society_religion_and_spirituality_opposing_views_new_age,vexen,vexen
top_society_religion_and_spirituality_pagan,theseeker,theseeker
top_society_religion_and_spirituality_pagan,shedragon,shedragon
top_society_religion_and_spirituality_scientology_church_of_scientology_missions,tbristol,tbristol
top_society_religion_and_spirituality_taoism,laosage,laosage
top_society_religion_and_spirituality_taoism_sages,laosage,laosage
top_society_religion_and_spirituality_taoism_texts,laosage,laosage
top_society_religion_and_spirituality_yoga,sankarrukku,sankarrukku
top_society_religion_and_spirituality_yoga_paths_karma_sahaja_yoga,kshama,kshama
top_society_religion_and_spirituality_yoga_paths_karma_sahaja_yoga_sahaja_yoga_experiences,kshama,kshama
top_society_sexuality_activities_and_practices,kimble,kimble
top_society_subcultures_skinhead,oioioi,oioioi
top_society_subcultures_steampunk,mrsroygbiv,mrsroygbiv
top_society_work_part-time_employment,umairadil,umairadil
top_society_work_telecommuting,umairadil,umairadil
top_society_work_workplace_spirituality,revr,revr
top_sports,mcoupal,mcoupal
top_sports_basketball_professional_nba,solox,solox
top_sports_basketball_professional_nba_toronto_raptors,solox,solox
top_sports_boxing,thehoss,thehoss
top_sports_college_and_university,mcoupal,mcoupal
top_sports_cricket_icc_full_members_england_clubs,shaylesh,shaylesh
top_sports_cricket_icc_full_members_england_clubs_b,shaylesh,shaylesh
top_sports_cricket_icc_full_members_england_clubs_c,shaylesh,shaylesh
top_sports_cricket_icc_full_members_england_clubs_h,shaylesh,shaylesh
top_sports_cricket_icc_full_members_england_clubs_w,shaylesh,shaylesh
top_sports_cricket_icc_full_members_india,arindra,arindra
top_sports_cricket_iwcc_india,sidds123450,sidds123450
top_sports_disabled_events_paralympics_2014_-_sochi,thehoss,thehoss
top_sports_events_olympics,bldarter,bldarter
top_sports_flying_discs,mcoupal,mcoupal
top_sports_football_american_nfl_green_bay_packers,bubby1,bubby1
top_sports_football_rugby_union,stunz,stunz
top_sports_golf_courses_europe_united_kingdom,davidjahorne,davidjahorne
top_sports_martial_arts_christian_schools_and_instruction,bushido77,bushido77
top_sports_martial_arts_jujutsu_brazilian_schools_and_instruction,davidcthomas,davidcthomas
top_sports_martial_arts_jujutsu_brazilian_schools_and_instruction,mrtechnique,mrtechnique
top_sports_martial_arts_kung_fu_mantis,geckom,geckom
top_sports_martial_arts_submission_fighting_and_mma_organizations_and_promotions,zenichanin,zenichanin
top_sports_martial_arts_submission_fighting_and_mma_schools_and_instruction,mrtechnique,mrtechnique
top_sports_motorsports_motorcycle_racing_off-road,chrismoeckli,chrismoeckli
top_sports_paintball_teams,tomcat200369,tomcat200369
top_sports_racquetball,denisblack,denisblack
top_sports_running,mcoupal,mcoupal
top_sports_skateboarding_longboarding,wildanimal402,wildanimal402
top_sports_skating_ice_skating_skating_clubs_and_rinks,julies,julies
top_sports_soccer_caf_egypt,ba7r,ba7r
top_sports_soccer_uefa_azerbaijan,salis,salis
top_sports_soccer_uefa_england_clubs,will606,will606
top_sports_soccer_uefa_england_clubs_a_arsenal,will606,will606
top_sports_soccer_uefa_england_clubs_m_manchester_united,will606,will606
top_sports_soccer_uefa_england_clubs_t_tottenham_hotspur,adamh,adamh
top_sports_soccer_uefa_italy_news_and_media,caesarmatt,caesarmatt
top_sports_soccer_uefa_spain_clubs,ba7r,ba7r
top_sports_soccer_uefa_turkey,laviorthcl,laviorthcl
top_sports_squash_schools_and_instruction,fassbinder,fassbinder
"top_sports_tennis_players_female_williams,_serena",arindra,arindra
top_sports_volleyball,hansfn,hansfn
top_sports_water_sports_surfing_skimboarding,nikrigs,nikrigs
top_sports_wrestling_traditional_schwingen,sparrk,sparrk
top_world_afrikaans_streke_afrika_suid-afrika,andre999,andre999
top_world_afrikaans_wetenskap,andre999,andre999
top_world_arabic,drhus,drhus
top_world_arabic,ba7r,ba7r
top_world_arabic_ø£ø®ø¨ø§ø±_ù_ø¥ø¹ùø§ù_ø±ø§ø¯ùù_ù_øªùùø²ùùù,drsaleh,drsaleh
top_world_arabic_ø£ø³ø±ø©_ùø§ø¦ø¯ø©,umdeema,umdeema
top_world_arabic_ø¥ùùùùùù,drhus,drhus
top_world_arabic_ø¥ùùùùùù_ø£ùø±ùùùø§_ø§ùø¬ø²ø§ø¦ø±_ø£ø®ø¨ø§ø±_ù_ø¥ø¹ùø§ù,mouradbahloul,mouradbahloul
top_world_arabic_ø¥ùùùùùù_ø£ùø±ùùùø§_ø§ùø¬ø²ø§ø¦ø±_øªø¹ùùù,taiga88,taiga88
top_world_arabic_ø¥ùùùùùù_ø£ùø±ùùùø§_øªùùø³,drhus,drhus
top_world_arabic_ø¥ùùùùùù_ø£ùø±ùùùø§_ùùø¨ùø§,libyan,libyan
top_world_arabic_ø¥ùùùùùù_ø£ùø±ùùùø§_ùùø¨ùø§_ø­ùùùø©,libyan,libyan
top_world_arabic_ø¥ùùùùùù_ø£ùø±ùùùø§_ùøµø±_ø£ø®ø¨ø§ø±_ù_ø¥ø¹ùø§ù,ahmedkamel,ahmedkamel
top_world_arabic_ø¥ùùùùùù_ø£ùø±ùùùø§_ùøµø±_øªø¹ùùù,amr444,amr444
top_world_arabic_ø¥ùùùùùù_ø£ùø±ùùùø§_ùùø±ùøªø§ùùø§_ø­ùùùù,essawq,essawq
top_world_arabic_ø¥ùùùùùù_ø§ùø´ø±ù_ø§ùø£ùø³ø·_ø§ùø£ø±ø¯ù,essawq,essawq
top_world_arabic_ø¥ùùùùùù_ø§ùø´ø±ù_ø§ùø£ùø³ø·_ø§ùø£ø±ø¯ù_ø£ø®ø¨ø§ø±_ù_ø¥ø¹ùø§ù_øµø­ù_ùø¬ø±ø§ø¦ø¯,essawq,essawq
top_world_arabic_ø¥ùùùùùù_ø§ùø´ø±ù_ø§ùø£ùø³ø·_ø§ùø£ø±ø¯ù_øªø¬ø§ø±ø©_ù_ø§ùøªøµø§ø¯,essawq,essawq
top_world_arabic_ø¥ùùùùùù_ø§ùø´ø±ù_ø§ùø£ùø³ø·_ø§ùø£ø±ø¯ù_øªø¹ùùù,essawq,essawq
top_world_arabic_ø¥ùùùùùù_ø§ùø´ø±ù_ø§ùø£ùø³ø·_ø§ùø£ø±ø¯ù_ø­ùùùø©,essawq,essawq
top_world_arabic_ø¥ùùùùùù_ø§ùø´ø±ù_ø§ùø£ùø³ø·_ø§ùø£ø±ø¯ù_øµø­ø©,essawq,essawq
top_world_arabic_ø¥ùùùùùù_ø§ùø´ø±ù_ø§ùø£ùø³ø·_ø§ùùùù,friendllye,friendllye
top_world_arabic_ø¥ùùùùùù_ø§ùø´ø±ù_ø§ùø£ùø³ø·_ø³ùø±ùø©_ø§ùùø¬øªùø¹,drhus,drhus
top_world_arabic_øªø¬ø§ø±ø©_øªø³ùùù,amr444,amr444
top_world_arabic_øªø¬ø§ø±ø©_øªø³ùùù,sa3dy,sa3dy
top_world_arabic_øªø¬ø§ø±ø©_ø³ùø§ø­ø©_ù_ø³ùø±,amr444,amr444
top_world_arabic_øªø¬ø§ø±ø©_øµùø§ø¹ø§øª,amr444,amr444
top_world_arabic_øªø¬ø§ø±ø©_ùøªø¨,amr444,amr444
top_world_arabic_øªø±ùùù,ibrahimseda,ibrahimseda
top_world_arabic_øªø±ùùù,drsaleh,drsaleh
top_world_arabic_øªø±ùùù_ø§ùø¹ø§ø¨_ø£ùø¹ø§ø¨_ùùø§ø´,essawq,essawq
top_world_arabic_øªø±ùùù_ø¨ø·ø§ùø§øª,haythamali,haythamali
top_world_arabic_øªø¹ùùù_ùø¯ø§ø±ø³,essawq,essawq
top_world_arabic_ø­ø§ø³ùø¨,ibrahimseda,ibrahimseda
top_world_arabic_ø­ø§ø³ùø¨_ø¥ùøªø±ùøª_ø£ø¯ùø©,essawq,essawq
top_world_arabic_ø­ø§ø³ùø¨_ø¥ùøªø±ùøª_øªøµùùù_ù_øªø·ùùø±_ø§ùùùø§ùø¹,essawq,essawq
top_world_arabic_ø­ø§ø³ùø¨_ø¥ùøªø±ùøª_øªøµùùù_ù_øªø·ùùø±_ø§ùùùø§ùø¹_ø¥ø³øªø¶ø§ùø©,essawq,essawq
top_world_arabic_ø­ø§ø³ùø¨_ø¥ùøªø±ùøª_øªøµùùù_ù_øªø·ùùø±_ø§ùùùø§ùø¹_ø¥ø³øªø¶ø§ùø©,moayyadk,moayyadk
top_world_arabic_ø­ø§ø³ùø¨_ø¥ùøªø±ùøª_øªøµùùù_ù_øªø·ùùø±_ø§ùùùø§ùø¹_øªø¹ùùù_ø§ùø§ùøªø±ùøª,essawq,essawq
top_world_arabic_ø­ø§ø³ùø¨_ø¥ùøªø±ùøª_ùø±ø§ùø²_ø§ùøªø­ùùù,essawq,essawq
top_world_arabic_ø­ø§ø³ùø¨_øªø¹ùùù_ù_øªø¯ø±ùø¨,haythamali,haythamali
top_world_arabic_ø­ø§ø³ùø¨_øªùùùùùø¬ùø§,msawalhi,msawalhi
top_world_arabic_øµø­ø©,drhus,drhus
top_world_arabic_øµø­ø©_ø¨ùø·ø±ù,amr444,amr444
top_world_arabic_øµø­ø©_ø·ø¨_ø¨ø¯ùù,ahmedkamel,ahmedkamel
top_world_arabic_øµø­ø©_ø·ø¨_ø¨ø´ø±ù,drsaleh,drsaleh
top_world_arabic_ø¹ùùù,drsaleh,drsaleh
top_world_arabic_ø¹ùùù_ø£ø­ùø§ø¡,mohamedelgaml,mohamedelgaml
top_world_arabic_ø¹ùùù_ø¹ùù_ùùø³,drsaleh,drsaleh
top_world_arabic_ùùùù_ùùø³ùùù,ibraheemalon,ibraheemalon
top_world_arabic_ùùùù_ùùø³ùùù_ùùøªø¯ùø§øª_ø§ùùùø³ùùù,ibraheemalon,ibraheemalon
top_world_arabic_ùø¬øªùø¹,drhus,drhus
top_world_arabic_ùø¬øªùø¹,ibrahimseda,ibrahimseda
top_world_arabic_ùø¬øªùø¹_ø§ùø¯ùù_ù_ø§ùùùù_ø§ùø±ùø­ùø©_ø¥ø³ùø§ù,drsaleh,drsaleh
top_world_arabic_ùø¬øªùø¹_ø³ùø§ø³ø©,ahmedsubaie,ahmedsubaie
top_world_arabic_ùø¬øªùø¹_ùø§ùùù,hamzatitan,hamzatitan
top_world_arabic_ùø¬øªùø¹_ùø§ø³_øµùø­ø§øª_ø´ø®øµùø©_ùø¯ùùùø§øª,essawq,essawq
top_world_arabic_ùø±ø§ø¬ø¹_ùùøªø¯ùø§øª_ø­ø³ø¨_ø§ùùùø¶ùø¹_ø¹ø§ùø©,essawq,essawq
top_world_armenian,sahak,sahak
top_world_azerbaijani,salis,salis
top_world_azerbaijani_biznes,sevda,sevda
top_world_azerbaijani_kompã¼ter_ä°nternet,sevda,sevda
top_world_azerbaijani_kompã¼ter_ä°nternet_provayderlér,sevda,sevda
top_world_azerbaijani_kompã¼ter_ä°nternet_veb-dizayn_vé_saytlarä±n_hazä±rlanmasä±,daltonik,daltonik
top_world_azerbaijani_regional_azérbaycan_biznes_vé_ä°qtisadiyyat_kompã¼ter_vé_internet_veb-dizayn_vé_saytlarä±n_hazä±rlanmasä±,daltonik,daltonik
top_world_azerbaijani_regional_azérbaycan_séhiyyé,haciyev,haciyev
top_world_azerbaijani_regional_azérbaycan_xébérlér,mr182,mr182
top_world_azerbaijani_æyléncé,sevda,sevda
top_world_bahasa_indonesia_belanja_iklan_properti,yohanes,yohanes
top_world_bahasa_indonesia_kesenian_kerajinan,cidtux,cidtux
top_world_bahasa_indonesia_komputer_internet_rancang_bangun_web,cidtux,cidtux
top_world_bahasa_indonesia_komputer_linux,cidtux,cidtux
top_world_bahasa_melayu_permainan,rinoasevia,rinoasevia
top_world_bashkir,salis,salis
top_world_belarusian_ðið·ð½ññ,nastarte2311,nastarte2311
top_world_belarusian_ðñð°ð¼ð°ð´ð·ñð²ð°,lowczy,lowczy
top_world_belarusian_ðñð°ð¼ð°ð´ð·ñð²ð°_ðiññð¾ñññ,lowczy,lowczy
top_world_belarusian_ðñð°ð¼ð°ð´ð·ñð²ð°_ððµð½ñð°ð»ñð³ññ,lowczy,lowczy
top_world_bulgarian_ðð¸ð·ð½ðµñ_ðð°ñðºðµñð¸ð½ð³_ð¸_ñðµðºð»ð°ð¼ð°,abydess,abydess
top_world_bulgarian_ðð¸ð·ð½ðµñ_ðð±ð·ð°ð²ðµð¶ð´ð°ð½ðµ,vltomev,vltomev
top_world_bulgarian_ðð¸ð·ð½ðµñ_ð¡ññð¾ð¸ñðµð»ññð²ð¾,rumyana,rumyana
top_world_bulgarian_ðð¸ð·ð½ðµñ_ð¡ññð¾ð¸ñðµð»ññð²ð¾_ðð°ñðµñð¸ð°ð»ð¸_ð¸_ð¿ñð¾ð´ñðºñð¸,vltomev,vltomev
top_world_bulgarian_ðð¸ð·ð½ðµñ_ð£ñð»ñð³ð¸_ðð¾ñð¸ññð²ð°ð½ðµ,cleanito,cleanito
top_world_bulgarian_ðð³ñð¸_ð¨ð°ñð¼ð°ñ,pgeorgieva,pgeorgieva
top_world_bulgarian_ðð¾ð¼ð¿ñññð¸_ð¡ð¾ñññðµñ_ðð¸ð·ð½ðµñ,pvladov,pvladov
top_world_bulgarian_ðð¾ð²ð¸ð½ð¸_ð¸_ð¼ðµð´ð¸ð¸_e-zines,amanov,amanov
top_world_bulgarian_ðð°ð·ð°ññð²ð°ð½ðµ_ð¾ð½ð»ð°ð¹ð½_ððµññðºð¸_ññð¾ðºð¸,nevsmile,nevsmile
top_world_bulgarian_ðð°ð·ð°ññð²ð°ð½ðµ_ð¾ð½ð»ð°ð¹ð½_ðð½ð¸ð³ð¸,nevsmile,nevsmile
top_world_bulgarian_ðð°ð·ð°ññð²ð°ð½ðµ_ð¾ð½ð»ð°ð¹ð½_ðð¾ð´ð°ñññð¸,ilein11,ilein11
top_world_bulgarian_ðð°ð·ð°ññð²ð°ð½ðµ_ð¾ð½ð»ð°ð¹ð½_ð ð°ð·ð½ð¾ð¾ð±ñð°ð·ð½ð¸_ññð¾ðºð¸,nevsmile,nevsmile
top_world_bulgarian_ð ð°ð·ð²ð»ðµñðµð½ð¸ñ_ððµññð¾ñð¾ð´ññð²ð¾,bogi,bogi
top_world_bulgarian_ð ð°ð·ð²ð»ðµñðµð½ð¸ñ_ð¥ñð°ð½ð°_ð¸_ð½ð°ð¿ð¸ñðºð¸,pgeorgieva,pgeorgieva
top_world_catalã ,whizky,whizky
top_world_catalã ,bertran,bertran
top_world_catalã ,sortes,sortes
top_world_catalã ,cromlec,cromlec
top_world_catalã _ciã¨ncia_i_tecnologia,bertran,bertran
top_world_catalã _ciã¨ncia_i_tecnologia_agricultura_aqã¼icultura,bertran,bertran
top_world_catalã _ciã¨ncia_i_tecnologia_biologia_biotecnologia,bertran,bertran
top_world_catalã _ciã¨ncia_i_tecnologia_ciã¨ncies_socials_psicologia,muniz,muniz
top_world_catalã _ciã¨ncia_i_tecnologia_matemã tiques,jollofa,jollofa
