fromId,toId,toName
top_arts,theseeker,theseeker
top_arts,krazor,krazor
top_arts,photofox,photofox
top_arts_animation_anime_fandom_conventions,ryankopf,ryankopf
top_arts_animation_anime_titles_g_great_teacher_onizuka,rinoasevia,rinoasevia
top_arts_animation_cartoons_titles_j_jem,likeadream,likeadream
top_arts_architecture,jennyhorm,jennyhorm
top_arts_architecture_building_types_fortifications,tatiana,tatiana
top_arts_architecture_building_types_houses_tiny,lisagirl,lisagirl
top_arts_architecture_events,tatiana,tatiana
top_arts_architecture_events_competitions_past,tatiana,tatiana
top_arts_architecture_events_past,tatiana,tatiana
top_arts_architecture_landscape,rumyana,rumyana
top_arts_art_history,jennyhorm,jennyhorm
top_arts_art_history_artists,ehodges,ehodges
top_arts_art_history_artists_r,ehodges,ehodges
top_arts_art_history_artists_t,ehodges,ehodges
top_arts_art_history_artists_w,ehodges,ehodges
top_arts_comics_comic_strips_and_panels_p_peanuts,koavf,koavf
top_arts_comics_manga_titles_g_great_teacher_onizuka,rinoasevia,rinoasevia
top_arts_crafts_knitting_and_crochet_crochet_patterns,purplekitty,purplekitty
top_arts_crafts_knitting_and_crochet_patterns,purplekitty,purplekitty
top_arts_crafts_modeling_compounds_precious_metal_clay,juliarai,juliarai
top_arts_crafts_needlework_cross_stitch,mollybdenum,mollybdenum
top_arts_design_fashion_magazines_and_e-zines,fiduci,fiduci
top_arts_education,jennyhorm,jennyhorm
top_arts_education_language_arts,stalmark,stalmark
top_arts_education_language_arts_english_english_as_a_second_language,stalmark,stalmark
top_arts_education_language_arts_english_english_as_a_second_language_chats_and_forums,mousaka,mousaka
top_arts_education_language_arts_english_english_as_a_second_language_language_schools_europe_united_kingdom,abilitycom,abilitycom
top_arts_education_language_arts_english_english_as_a_second_language_student_resources_grammar_and_vocabulary,polliwog2,polliwog2
top_arts_education_language_arts_english_english_as_a_second_language_student_resources_idioms_and_slang,gurlinahlawat,gurlinahlawat
top_arts_education_language_arts_english_english_as_a_second_language_teacher_resources_teaching_abroad,mousaka,mousaka
top_arts_genres_science_fiction_and_fantasy_fandom,arubin,arubin
top_arts_genres_science_fiction_and_fantasy_fandom_conventions_and_organizations_regional_united_states_california,arubin,arubin
top_arts_graphic_design,peterrobson,peterrobson
top_arts_graphic_design,sahbbg,sahbbg
top_arts_graphic_design_weblogs,vgendelman,vgendelman
top_arts_humanities,jennyhorm,jennyhorm
top_arts_humanities_literature_in_art_arthurian_legend,aduff,aduff
top_arts_illustration_specialized_fashion,spunwasi,spunwasi
top_arts_literature,jennyhorm,jennyhorm
top_arts_literature,mollybdenum,mollybdenum
top_arts_literature_authors,jennyhorm,jennyhorm
"top_arts_literature_authors_c_chaucer,_geoffrey",tomnor1,tomnor1
"top_arts_literature_authors_c_cornwell,_patricia",peterrobson,peterrobson
"top_arts_literature_authors_g_grisham,_john",peterrobson,peterrobson
"top_arts_literature_authors_i_iles,_greg",peterrobson,peterrobson
"top_arts_literature_authors_k_keret,_etgar",william13,william13
"top_arts_literature_authors_o_orwell,_george",koavf,koavf
top_arts_literature_genres_cyberpunk_steampunk,mrsroygbiv,mrsroygbiv
"top_arts_literature_genres_fantasy_authors_b_brust,_steven",arubin,arubin
"top_arts_literature_genres_science_fiction_authors_f_flint,_eric",bldarter,bldarter
top_arts_literature_poetry_forms_fixed_verse_forms,nickgo,nickgo
top_arts_literature_world_literature_british_middle_english,tomnor1,tomnor1
top_arts_literature_world_literature_british_old_english,tomnor1,tomnor1
top_arts_literature_world_literature_british_shakespeare_education,peterrobson,peterrobson
top_arts_literature_world_literature_indian_hindi,dreamgirlpooja99,dreamgirlpooja99
top_arts_literature_world_literature_indian_urdu,dreamgirlpooja99,dreamgirlpooja99
top_arts_movies,jennyhorm,jennyhorm
top_arts_movies_chats_and_forums,skylar,skylar
top_arts_movies_cultures_and_groups_asian,mandiapple,mandiapple
top_arts_movies_cultures_and_groups_asian_japanese,mandiapple,mandiapple
top_arts_movies_genres_comedy,nelsonlizard,nelsonlizard
top_arts_movies_genres_mockumentary,nelsonlizard,nelsonlizard
top_arts_movies_genres_silent_movies,julies,julies
top_arts_movies_reviews_weblogs,malikhan,malikhan
top_arts_movies_titles_d_dead_birds,william13,william13
top_arts_movies_titles_k_king_arthur_movies,aduff,aduff
"top_arts_movies_titles_r_ring,_the_-_1998",mandiapple,mandiapple
top_arts_movies_titles_s_star_wars_movies_chats_and_forums,skylar,skylar
top_arts_movies_titles_w_wristcutters_a_love_story,william13,william13
top_arts_music_bands_and_artists,cell,cell
"top_arts_music_bands_and_artists_b_byrne,_david",koavf,koavf
"top_arts_music_bands_and_artists_b_byrne,_david_reviews",koavf,koavf
"top_arts_music_bands_and_artists_c_coulton,_jonathan",wrathchild,wrathchild
"top_arts_music_bands_and_artists_d_davis,_jamelia",dinosoft,dinosoft
top_arts_music_bands_and_artists_d_deus,mandiapple,mandiapple
top_arts_music_bands_and_artists_e_eels,koavf,koavf
top_arts_music_bands_and_artists_g_garbage,mfichtner,mfichtner
"top_arts_music_bands_and_artists_h_hart,_beth",mfichtner,mfichtner
top_arts_music_bands_and_artists_i_indigo_girls,koavf,koavf
top_arts_music_bands_and_artists_j,dinosoft,dinosoft
top_arts_music_bands_and_artists_j_jamiroquai,dinosoft,dinosoft
"top_arts_music_bands_and_artists_j_john,_elton",peterrobson,peterrobson
top_arts_music_bands_and_artists_p_portishead,webcn,webcn
top_arts_music_bands_and_artists_p_portishead_reviews,webcn,webcn
"top_arts_music_bands_and_artists_p_potter,_grace_and_the_nocturnals",mfichtner,mfichtner
"top_arts_music_bands_and_artists_p_presley,_elvis",peterrobson,peterrobson
top_arts_music_bands_and_artists_r_r.e.m.,koavf,koavf
"top_arts_music_bands_and_artists_r_runga,_bic",stunz,stunz
top_arts_music_bands_and_artists_s_si_sigur_rós,webcn,webcn
"top_arts_music_bands_and_artists_t_townsend,_yulia",stunz,stunz
"top_arts_music_bands_and_artists_t_turunen,_tarja",dinosoft,dinosoft
"top_arts_music_bands_and_artists_w_wallflowers,_the",zooando,zooando
"top_arts_music_bands_and_artists_w_westenra,_hayley",stunz,stunz
"top_arts_music_bands_and_artists_w_wigmore,_gin",mfichtner,mfichtner
top_arts_music_bands_and_artists_w_within_temptation,dinosoft,dinosoft
top_arts_music_bands_and_artists_z_zita_swoon,mandiapple,mandiapple
"top_arts_music_clubs_and_venues_north_america_united_states_washington,_dc",sbeiser,sbeiser
top_arts_music_composition_composers_by_region_asia_azerbaijani,salis,salis
top_arts_music_djs_personal_pages_d,owendaniel,owendaniel
top_arts_music_instruments_electronic_synthesizers_and_samplers_clavia,rpfuller,rpfuller
"top_arts_music_instruments_keyboard_piano_tuning_regional_united_states_washington,_dc",sbeiser,sbeiser
top_arts_music_instruments_percussion_hang,oioioi,oioioi
top_arts_music_instruments_stringed_banjo,tomhanway,tomhanway
top_arts_music_instruments_stringed_cittern,oioioi,oioioi
top_arts_music_instruments_stringed_guitar_styles_russian,oioioi,oioioi
top_arts_music_instruments_stringed_guitar_variants_seven_string_russian,oioioi,oioioi
"top_arts_music_instruments_winds_bagpipe_bands_north_america_united_states_washington,_dc",sbeiser,sbeiser
top_arts_music_instruments_winds_brass_manufacturers,sahbbg,sahbbg
top_arts_music_news_and_media,webcn,webcn
top_arts_music_sound_files_classical,stingray,stingray
top_arts_music_sound_files_classical_mp3,stingray,stingray
top_arts_music_sound_files_samples_and_loops_production_music_libraries,composing,composing
top_arts_music_sound_files_samples_and_loops_production_music_libraries_royalty_free,composing,composing
top_arts_music_sound_files_samples_and_loops_production_music_libraries_royalty_free,nahnou,nahnou
top_arts_music_styles_b_bluegrass,tomhanway,tomhanway
"top_arts_music_styles_c_classical_concert_bands_and_wind_ensembles_north_america_united_states_washington,_dc",sbeiser,sbeiser
"top_arts_music_styles_c_classical_orchestras_chamber_orchestras_north_america_united_states_washington,_dc",sbeiser,sbeiser
"top_arts_music_styles_c_classical_orchestras_community_orchestras_north_america_united_states_washington,_dc",sbeiser,sbeiser
"top_arts_music_styles_c_classical_orchestras_north_america_united_states_washington,_dc",sbeiser,sbeiser
"top_arts_music_styles_c_classical_orchestras_youth_orchestras_north_america_united_states_washington,_dc",sbeiser,sbeiser
top_arts_music_styles_d_dance_house_bands_and_artists,djaspow92,djaspow92
top_arts_music_styles_e_electronica_trip_hop_bands_and_artists,webcn,webcn
top_arts_music_styles_e_experimental_fractal_music,hbro,hbro
top_arts_music_styles_f_folk_filk,arubin,arubin
top_arts_music_styles_h_hip_hop_regional,digitallynx,digitallynx
top_arts_music_styles_o_opera_houses_and_companies,glippitt,glippitt
top_arts_music_styles_r_regional_and_ethnic_latin,ihsekat,ihsekat
top_arts_music_styles_r_rock_punk_oi_and_streetpunk,oioioi,oioioi
top_arts_music_theory_tuning_systems,oioioi,oioioi
"top_arts_music_vocal_singers_jazz_r_raney,_sue",lisagirl,lisagirl
top_arts_online_writing,theseeker,theseeker
top_arts_online_writing,mollybdenum,mollybdenum
top_arts_online_writing_fiction_personal_pages,nickgo,nickgo
top_arts_online_writing_fiction_short_stories,oioioi,oioioi
top_arts_organizations,jennyhorm,jennyhorm
top_arts_people,william13,william13
"top_arts_people_g_garrick,_richard",omaxfield,omaxfield
"top_arts_people_l_ledger,_heath",julies,julies
top_arts_people_s,jennyhorm,jennyhorm
top_arts_people_w,jennyhorm,jennyhorm
top_arts_performing_arts_acting,william13,william13
"top_arts_performing_arts_acting_actors_and_actresses_f_fichtner,_william",mfichtner,mfichtner
"top_arts_performing_arts_acting_actors_and_actresses_p_parsons,_jim",plantrob,plantrob
top_arts_performing_arts_acting_actors_and_actresses_s,jennyhorm,jennyhorm
top_arts_performing_arts_acting_actors_and_actresses_w,jennyhorm,jennyhorm
top_arts_performing_arts_circus_juggling,chaos127,chaos127
top_arts_performing_arts_comedy_stand_up,michaelmorris1,michaelmorris1
top_arts_performing_arts_dance_latin,ihsekat,ihsekat
top_arts_performing_arts_dance_latin_salsa,ihsekat,ihsekat
top_arts_performing_arts_hypnotism_hypnotists,beagle,beagle
top_arts_performing_arts_theatre_dinner_theatre_murder_mystery_united_states,tzeli,tzeli
top_arts_performing_arts_theatre_shakespeare,peterrobson,peterrobson
top_arts_photography_equipment_and_services_cameras_collecting,diser,diser
top_arts_photography_magazines_and_e-zines,manamarak,manamarak
top_arts_photography_photographers_people_fine_art,johnkobeck,johnkobeck
top_arts_photography_weblogs,shedragon,shedragon
"top_arts_radio_formats_college_and_educational_regional_united_states_washington,_dc",sbeiser,sbeiser
top_arts_radio_formats_old-time_radio,butkins,butkins
top_arts_radio_industry,peterrobson,peterrobson
top_arts_radio_international_broadcasters,stalmark,stalmark
"top_arts_radio_personalities_rome,_jim",jungleclone,jungleclone
top_arts_radio_regional_north_america_canada,stalmark,stalmark
"top_arts_radio_regional_north_america_united_states_washington,_dc",sbeiser,sbeiser
top_arts_television,william13,william13
"top_arts_television_people_writers_horvath,_gillian",arubin,arubin
top_arts_television_programs_children_s_square_one_tv,samiam,samiam
"top_arts_television_programs_dramas_fugitive,_the_-_1963",kimble,kimble
top_arts_television_programs_dramas_medical_grey_s_anatomy,arindra,arindra
top_arts_visual_arts_ascii_art,shedragon,shedragon
top_arts_visual_arts_computer_graphics_galleries,webcoder,webcoder
top_arts_visual_arts_mail_art_and_artistamps_artistamps,philatelist,philatelist
top_arts_visual_arts_native_and_tribal,sprice,sprice
top_arts_visual_arts_native_and_tribal_africa,sprice,sprice
top_arts_visual_arts_native_and_tribal_asia,sprice,sprice
top_arts_visual_arts_native_and_tribal_oceania,sprice,sprice
top_arts_visual_arts_painting_painters_contemporary,davidjahorne,davidjahorne
top_arts_visual_arts_personal_pages,cskeezix,cskeezix
top_arts_visual_arts_thematic_nature_and_wildlife,cskeezix,cskeezix
top_arts_writers_resources,shedragon,shedragon
top_arts_writers_resources,mollybdenum,mollybdenum
top_arts_writers_resources_style_guides_grammar,awilliams312,awilliams312
top_business,jcand,jcand
top_business,shadow575,shadow575
top_business_accounting_education_and_training,erikj,erikj
top_business_accounting_firms_networks,gilesbrake,gilesbrake
top_business_aerospace_and_defense_aeronautical_aircraft_and_components_components_and_parts_fasteners,aerospaceeditor,aerospaceeditor
top_business_aerospace_and_defense_aeronautical_aircraft_rental_and_instruction_fixed_wing_north_america_united_states_alabama,pmaestrales,pmaestrales
top_business_aerospace_and_defense_aeronautical_aircraft_rental_and_instruction_fixed_wing_north_america_united_states_florida,pmaestrales,pmaestrales
top_business_agriculture_and_forestry,plantrob,plantrob
top_business_agriculture_and_forestry_livestock_horses_and_ponies_farrier_and_horseshoeing,jemsley,jemsley
top_business_arts_and_entertainment_media_conglomerates_disney,samiam,samiam
top_business_arts_and_entertainment_media_production,william13,william13
top_business_arts_and_entertainment_media_production_resumes_and_portfolios_sound,sounddude,sounddude
top_business_arts_and_entertainment_models,krazor,krazor
top_business_arts_and_entertainment_music_agents_and_managers_djs,ctrevatt,ctrevatt
top_business_arts_and_entertainment_music_directories,ctrevatt,ctrevatt
top_business_arts_and_entertainment_music_labels_specialty_bluegrass,tomhanway,tomhanway
top_business_arts_and_entertainment_music_labels_specialty_dance,owendaniel,owendaniel
top_business_arts_and_entertainment_photography_photographers_commercial-advertising_north_america_united_states_nevada,gregpreston1,gregpreston1
top_business_arts_and_entertainment_photography_photographers_portrait_europe_united_kingdom_scotland,stuartmallan,stuartmallan
top_business_arts_and_entertainment_photography_photographers_portrait_north_america_united_states_new_mexico,jdaynger,jdaynger
top_business_arts_and_entertainment_photography_photographers_wedding_and_events_europe_ireland,mcapilitan,mcapilitan
top_business_arts_and_entertainment_photography_photographers_wedding_and_events_north_america_united_states,meg114,meg114
top_business_arts_and_entertainment_photography_photographers_wedding_and_events_north_america_united_states_kentucky,jarmstrong89,jarmstrong89
top_business_arts_and_entertainment_photography_photographers_wedding_and_events_north_america_united_states_nevada,gregpreston1,gregpreston1
top_business_arts_and_entertainment_photography_photographers_wedding_and_events_north_america_united_states_north_carolina,meg114,meg114
top_business_arts_and_entertainment_photography_photographers_wedding_and_events_north_america_united_states_tennessee,katkins,katkins
top_business_arts_and_entertainment_photography_tools_and_equipment,olepedersen,olepedersen
top_business_arts_and_entertainment_visual_arts_art_consultants,felixs,felixs
top_business_automotive_import_and_export,edramos,edramos
top_business_automotive_parts_and_accessories_wholesale_and_distribution,dbrennar,dbrennar
top_business_automotive_recreational_vehicles_retailers_north_america_united_states_california,straitus,straitus
top_business_biotechnology_and_pharmaceuticals_contract_research_organizations,csmith88,csmith88
top_business_biotechnology_and_pharmaceuticals_contract_research_organizations_north_america,rnoel12019,rnoel12019
top_business_biotechnology_and_pharmaceuticals_employment,navinkbiotech,navinkbiotech
top_business_business_services_barter,rvquartz,rvquartz
top_business_business_services_communications_public_speaking_education_and_training_europe_united_kingdom,drkings,drkings
top_business_business_services_communications_translation_multiple_language_europe_italy,graceeditor2017,graceeditor2017
top_business_business_services_communications_translation_multiple_language_europe_ukraine,maksim84,maksim84
top_business_business_services_consulting_parliamentarians,rodavidson,rodavidson
top_business_business_services_design_graphic_design,sahbbg,sahbbg
top_business_business_services_design_industrial_design_product_design,smoorefu,smoorefu
top_business_business_services_fire_and_security_security_access_control_id_cards_and_systems,idmaster,idmaster
top_business_business_services_fire_and_security_security_investigation_employment,ajax4444,ajax4444
top_business_business_services_fire_and_security_security_investigation_investigators_north_america_united_states_colorado,jmorris,jmorris
top_business_business_services_quality_control_and_tracking_associations,sixsigmamc,sixsigmamc
top_business_business_services_quality_control_and_tracking_software,sixsigmamc,sixsigmamc
top_business_business_services_quality_control_and_tracking_standards,sixsigmamc,sixsigmamc
top_business_chemicals,plantrob,plantrob
top_business_chemicals_biochemical,sutty,sutty
top_business_chemicals_polymers_plastics_news_and_media,adamh,adamh
top_business_construction_and_maintenance_building_types_sustainable_architecture_yurts,maguero,maguero
top_business_construction_and_maintenance_design_architects_multi-discipline,lerwill,lerwill
top_business_construction_and_maintenance_design_architects_multi-discipline_europe,lerwill,lerwill
top_business_construction_and_maintenance_design_architects_multi-discipline_europe_italy,lerwill,lerwill
top_business_construction_and_maintenance_employment_job_search,klydster,klydster
top_business_construction_and_maintenance_materials_and_supplies,glatthor,glatthor
top_business_construction_and_maintenance_materials_and_supplies_equipment_library,sevans,sevans
top_business_construction_and_maintenance_materials_and_supplies_furnishings_artwork,macken,macken
top_business_construction_and_maintenance_materials_and_supplies_wood_and_plastics_heavy_timber_construction_log_buildings,rbwhorton,rbwhorton
top_business_construction_and_maintenance_materials_and_supplies_wood_and_plastics_heavy_timber_construction_log_buildings_dealers,rbwhorton,rbwhorton
top_business_construction_and_maintenance_materials_and_supplies_wood_and_plastics_heavy_timber_construction_timber_framing,rbwhorton,rbwhorton
top_business_construction_and_maintenance_residential_housing_tiny_houses,sto99,sto99
top_business_consumer_goods_and_services,cherel,cherel
top_business_consumer_goods_and_services_clothing_news_and_media_publications,fiduci,fiduci
top_business_consumer_goods_and_services_jewelry_precious_metals_silver_wholesale_and_distribution,hannah527,hannah527
top_business_consumer_goods_and_services_jewelry_wholesale_and_distribution,hannah527,hannah527
top_business_consumer_goods_and_services_luggage_and_bags_leather,editor23,editor23
top_business_consumer_goods_and_services_office_products_furniture,joemann,joemann
top_business_consumer_goods_and_services_tobacco_pipes,alexbondarev,alexbondarev
top_business_education_and_training_driving_advanced_driver_training,dsguy,dsguy
top_business_electronics_and_electrical_components_wholesale_and_distribution,rhop,rhop
top_business_electronics_and_electrical_components_wholesale_and_distribution_passives,rhop,rhop
top_business_electronics_and_electrical_electromechanical_wholesale_and_distribution,rhop,rhop
top_business_electronics_and_electrical_heating_and_cooling,hazheatman,hazheatman
top_business_electronics_and_electrical_test_and_measurement_computer_based,tharvey,tharvey
top_business_electronics_and_electrical_transformers_and_inductors,dlevasseur,dlevasseur
top_business_employment_resumes_and_portfolios_executive,grindle,grindle
top_business_energy_hydrogen,plantrob,plantrob
top_business_environment_engineering_consulting,antarack9,antarack9
top_business_financial_services_banking_services_banks_and_institutions_directories,fitzman,fitzman
top_business_financial_services_banking_services_banks_and_institutions_regional_north_america_united_states_alabama,cbcranford,cbcranford
top_business_financial_services_insurance,jamesglewisf,jamesglewisf
top_business_financial_services_insurance_agents_and_marketers_automotive,davemann,davemann
top_business_financial_services_insurance_agents_and_marketers_life_united_states,bgreen,bgreen
top_business_financial_services_insurance_agents_and_marketers_life_united_states,riskquoter,riskquoter
top_business_financial_services_insurance_agents_and_marketers_multi-line_united_states_south_carolina,jfish,jfish
top_business_financial_services_insurance_agents_and_marketers_specialty_animal_and_pet,ashbmx,ashbmx
top_business_financial_services_insurance_agents_and_marketers_specialty_animal_and_pet,panini48,panini48
top_business_financial_services_insurance_agent_resources_lead_generating_services,izni,izni
top_business_financial_services_loans_auto_loans,davemann,davemann
top_business_financial_services_surety_bonds_bail_bonds,sergiuo90,sergiuo90
top_business_food_and_related_products,jcand,jcand
top_business_food_and_related_products,cherel,cherel
top_business_food_and_related_products_beverages,peterrobson,peterrobson
top_business_food_and_related_products_confectionery,peterrobson,peterrobson
top_business_food_and_related_products_produce_dried,nightleonx,nightleonx
top_business_food_and_related_products_snack_foods,peterrobson,peterrobson
top_business_food_and_related_products_sweeteners,segiles,segiles
top_business_healthcare_animal_health,bldarter,bldarter
top_business_hospitality,ianwfs,ianwfs
top_business_hospitality_food_service_tools_and_equipment_furniture,joemann,joemann
top_business_hospitality_news_and_media,ifthikar,ifthikar
top_business_hospitality_restaurant_chains,cmconsulting,cmconsulting
top_business_hospitality_restaurant_chains,arubin,arubin
top_business_hospitality_restaurant_chains_ice_cream_and_yogurt,dmozdad,dmozdad
top_business_hospitality_software_event_planning,tatiana,tatiana
top_business_human_resources,jamesglewisf,jamesglewisf
top_business_human_resources_consulting,jamesglewisf,jamesglewisf
top_business_human_resources_reference,aaronqueen,aaronqueen
top_business_industrial_goods_and_services_engineering_directories,kswamy,kswamy
top_business_industrial_goods_and_services_factory_automation_communications_devices_and_networking,hniels,hniels
top_business_industrial_goods_and_services_fluid_handling_tanks_plastic,stacey,stacey
top_business_industrial_goods_and_services_industrial_supply_rope_and_rigging,tech,tech
top_business_industrial_goods_and_services_machinery_and_tools_balancing_machinery_and_tools,nicolehdsi,nicolehdsi
top_business_industrial_goods_and_services_machinery_and_tools_process_equipment_glass_and_glass_lined,arthur23,arthur23
top_business_industrial_goods_and_services_packaging_machinery_and_equipment,adnan110,adnan110
top_business_information_services,rdkeating25,rdkeating25
top_business_international_business_and_trade_services,cujo,cujo
top_business_investing_commodities_and_futures_precious_metals,metalsilver,metalsilver
top_business_investing_education_and_training,sttan,sttan
top_business_investing_education_and_training,darvas,darvas
top_business_investing_games,darvas,darvas
top_business_investing_humor,darvas,darvas
top_business_investing_research_and_analysis_investment_models,darvas,darvas
top_business_investing_research_and_analysis_quotes,darvas,darvas
top_business_investing_software_calculators,darvas,darvas
top_business_investing_stocks_and_bonds_bonds_research_and_analysis,stbw,stbw
top_business_investing_stocks_and_bonds_equities_guides,darvas,darvas
top_business_major_companies,rdkeating25,rdkeating25
top_business_major_companies_publicly_traded,sutty,sutty
top_business_marketing_and_advertising_advertising_coupons,severaldogs,severaldogs
top_business_marketing_and_advertising_advertising_promotional_products_lenticular_and_holographics,chri5,chri5
top_business_marketing_and_advertising_branding_naming,jumpingpanda,jumpingpanda
top_business_marketing_and_advertising_internet_marketing,cmconsulting,cmconsulting
top_business_marketing_and_advertising_internet_marketing_marketing_services_a,ducktoes,ducktoes
top_business_marketing_and_advertising_internet_marketing_marketing_services_b,ducktoes,ducktoes
top_business_marketing_and_advertising_internet_marketing_marketing_services_c,ducktoes,ducktoes
top_business_marketing_and_advertising_internet_marketing_marketing_services_d,ducktoes,ducktoes
top_business_marketing_and_advertising_internet_marketing_marketing_services_e,msj484,msj484
top_business_marketing_and_advertising_internet_marketing_marketing_services_z,msj484,msj484
top_business_marketing_and_advertising_internet_marketing_traffic_measurement,rnoel12019,rnoel12019
top_business_news_and_media,manamarak,manamarak
top_business_publishing_and_printing_prepress,peterrobson,peterrobson
top_business_publishing_and_printing_printing,cujo,cujo
top_business_publishing_and_printing_printing_history,cujo,cujo
top_business_publishing_and_printing_printing_products_direct_mail,bsybal,bsybal
top_business_publishing_and_printing_printing_products_direct_mail_postcards,bsybal,bsybal
top_business_publishing_and_printing_printing_products_presentation,vgendelman,vgendelman
top_business_publishing_and_printing_printing_products_reprographics,peterrobson,peterrobson
top_business_publishing_and_printing_printing_products_security,craigben32,craigben32
top_business_publishing_and_printing_printing_products_stationery,vgendelman,vgendelman
top_business_real_estate,joe33,joe33
top_business_resources_conferences,marthacastano,marthacastano
top_business_telecommunications_services_voip,zykezix,zykezix
top_business_telecommunications_two-way_radio_equipment_dealers_north_america,babybird,babybird
top_business_telecommunications_two-way_radio_equipment_dealers_north_america_united_states,babybird,babybird
top_business_telecommunications_two-way_radio_equipment_wholesale_and_distribution,babybird,babybird
top_business_transportation_and_logistics,ianwfs,ianwfs
top_business_transportation_and_logistics_aviation_airports_by_region_europe_ireland,notnem,notnem
top_business_transportation_and_logistics_aviation_charters_products_and_services,pmaestrales,pmaestrales
top_business_transportation_and_logistics_bus_operators_north_america_canada,ndallen,ndallen
top_business_transportation_and_logistics_car_sharing,rideshareexpert,rideshareexpert
top_business_transportation_and_logistics_moving_services_by_region_north_america_united_states_new_york,sitemapper,sitemapper
top_business_transportation_and_logistics_traffic_control,cj,cj
top_business_wholesale_trade_general_merchandise,jezebel,jezebel
top_computers,chaos127,chaos127
top_computers_artificial_life_lindenmayer_systems,hbro,hbro
top_computers_bulletin_board_systems,stegozor,stegozor
top_computers_computer_science_academic_departments_asia_india,vpalukuru9,vpalukuru9
top_computers_consultants_by_region_north_america_united_states_maryland,restorenow,restorenow
top_computers_consultants_cad_systems,scanf,scanf
top_computers_data_formats,vaganyik,vaganyik
top_computers_data_formats_document_publishing_pdf_software_windows_tools_and_drivers,pasadi,pasadi
top_computers_data_formats_graphics_2d_djvu,phwagner,phwagner
top_computers_data_formats_markup_languages_html5,poipleshadow,poipleshadow
top_computers_data_formats_style_sheets_css,suleymans,suleymans
top_computers_e-books_titles,rahs914,rahs914
top_computers_education_certification_internet_webmaster,ingahet,ingahet
top_computers_emulators,elminster,elminster
top_computers_emulators_acorn,iamaran,iamaran
top_computers_emulators_ibm_mainframe_hercules,deepblue2,deepblue2
top_computers_graphics_fonts_barcode,charlesj,charlesj
top_computers_graphics_web_free_animated_gifs,sebastien59s,sebastien59s
top_computers_graphics_web_free_animated_gifs,webcoder,webcoder
top_computers_hardware_peripherals_displays,chrz,chrz
top_computers_hardware_peripherals_keyboards,oioioi,oioioi
top_computers_hardware_peripherals_printers_supplies_thermal,dlevy11,dlevy11
top_computers_hardware_retailers_b,segiles,segiles
top_computers_hardware_retailers_s,segiles,segiles
top_computers_hardware_storage_data_recovery_products_and_services,clement,clement
top_computers_hardware_storage_solid_state,vladmiami,vladmiami
top_computers_hardware_systems_notebooks_and_laptops_cases_and_accessories,stevefro,stevefro
top_computers_hardware_test_equipment,xol,xol
top_computers_home_automation_products_and_manufacturers,ronbar,ronbar
top_computers_home_automation_vendors,ronbar,ronbar
top_computers_human-computer_interaction_companies_and_consultants_usability_testing,jroland01,jroland01
top_computers_internet,cmconsulting,cmconsulting
top_computers_internet_access_providers_unix_shell_providers,tacke,tacke
top_computers_internet_access_providers_wireless_regional_north_america_canada_alberta,jackson329,jackson329
top_computers_internet_chat,murats,murats
top_computers_internet_chat_irc_shell_providers,ssahin,ssahin
top_computers_internet_chat_web-based_chat_rooms,murats,murats
top_computers_internet_cloud_computing,abhishekghosh,abhishekghosh
top_computers_internet_cybercafes_united_kingdom_northern_ireland,wrk,wrk
top_computers_internet_domain_names_resources,jumpingpanda,jumpingpanda
top_computers_internet_e-mail_e-greetings_occasions,vlads,vlads
"top_computers_internet_e-mail_faqs,_help,_and_tutorials",jpeterson,jpeterson
top_computers_internet_e-mail_marketing_online_tools,paulinespears,paulinespears
top_computers_internet_e-mail_spam_filtering,cloudycloud,cloudycloud
top_computers_internet_e-mail_spam_preventing_temporary_addresses,htnshtns,htnshtns
top_computers_internet_history_the_trojan_room_coffee_machine,rpfuller,rpfuller
top_computers_internet_on_the_web_free_stuff_surfer_rewards,julies,julies
top_computers_internet_on_the_web_online_communities_social_networking_myspace_customization,webcoder,webcoder
top_computers_internet_on_the_web_online_communities_social_networking_pinterest,bloggy,bloggy
top_computers_internet_on_the_web_syndication_and_feeds_rss_directories,sparrk,sparrk
top_computers_internet_on_the_web_weblogs_hosts,bloggy,bloggy
top_computers_internet_on_the_web_weblogs_hosts_regional,bloggy,bloggy
top_computers_internet_on_the_web_weblogs_networks,aaronqueen,aaronqueen
top_computers_internet_on_the_web_weblogs_tools_publishers_wordpress,fortehwin,fortehwin
top_computers_internet_on_the_web_web_applications_presentation_sharing,suleymans,suleymans
top_computers_internet_on_the_web_web_portals,belindas,belindas
top_computers_internet_protocols,vaganyik,vaganyik
top_computers_internet_protocols_gopher,stegozor,stegozor
top_computers_internet_protocols_sip_service_providers,zykezix,zykezix
top_computers_internet_searching_directories_dmoz_news_and_media,bloggy,bloggy
top_computers_internet_searching_directories_dmoz_regional_trees,plantrob,plantrob
top_computers_internet_searching_directories_family_friendly,belindas,belindas
top_computers_internet_searching_search_engines_family_friendly,belindas,belindas
top_computers_internet_searching_search_engines_family_friendly,vlads,vlads
top_computers_internet_searching_search_engines_google_tools,billchopher,billchopher
top_computers_internet_web_design_and_development,krazor,krazor
"top_computers_internet_web_design_and_development_authoring_faqs,_help,_and_tutorials",owlbaa,owlbaa
top_computers_internet_web_design_and_development_authoring_online_tools_checking_and_debugging,jonasjacek,jonasjacek
top_computers_internet_web_design_and_development_authoring_online_tools_robots.txt,jonasjacek,jonasjacek
top_computers_internet_web_design_and_development_designers_basic_service_a,badjuju,badjuju
top_computers_internet_web_design_and_development_designers_basic_service_g,badjuju,badjuju
top_computers_internet_web_design_and_development_designers_basic_service_x,badjuju,badjuju
top_computers_internet_web_design_and_development_designers_dynamic_and_multimedia_a,badjuju,badjuju
top_computers_internet_web_design_and_development_designers_freelance_a,badjuju,badjuju
top_computers_internet_web_design_and_development_designers_freelance_n,mrtechnique,mrtechnique
top_computers_internet_web_design_and_development_designers_full_service_a,badjuju,badjuju
top_computers_internet_web_design_and_development_designers_full_service_f,kimfooyoung,kimfooyoung
top_computers_internet_web_design_and_development_designers_full_service_g,badjuju,badjuju
top_computers_internet_web_design_and_development_designers_full_service_h,liamd,liamd
top_computers_internet_web_design_and_development_designers_full_service_m,badjuju,badjuju
top_computers_internet_web_design_and_development_hosted_components_and_services_counters_and_trackers_free,suleymans,suleymans
top_computers_internet_web_design_and_development_hosting_a,badjuju,badjuju
top_computers_internet_web_design_and_development_hosting_directories,tacke,tacke
top_computers_internet_web_design_and_development_hosting_l,plazmaboy85,plazmaboy85
top_computers_internet_web_design_and_development_hosting_w,plazmaboy85,plazmaboy85
top_computers_internet_web_design_and_development_promotion,cmconsulting,cmconsulting
top_computers_internet_web_design_and_development_promotion_press_release_services,hhussain,hhussain
top_computers_internet_web_design_and_development_promotion_search_engine_optimization_firms_i,swhee,swhee
top_computers_internet_web_design_and_development_promotion_tools,fruitarian,fruitarian
top_computers_internet_web_design_and_development_promotion_tools,paddyuk,paddyuk
top_computers_internet_www_web_2.0,kdao,kdao
top_computers_internet_www_web_2.0,bloggy,bloggy
top_computers_mobile_computing_symbian,vaganyik,vaganyik
top_computers_multimedia_music_and_audio_midi,bjfs,bjfs
top_computers_multimedia_music_and_audio_software_composition_fractal_and_generative,hbro,hbro
top_computers_open_source,jennyhorm,jennyhorm
top_computers_open_source_directories,vaganyik,vaganyik
top_computers_open_source_open_content,aolruss,aolruss
top_computers_open_source_open_content,sebste,sebste
top_computers_open_source_organizations_mozilla,ottodv,ottodv
top_computers_programming,teonas,teonas
top_computers_programming_component_frameworks_com_components_financial,wrichards,wrichards
top_computers_programming_component_frameworks_net_applications,charlesj,charlesj
top_computers_programming_component_frameworks_net_personal_pages,charlesj,charlesj
top_computers_programming_component_frameworks_net_tools,asdandrizzo,asdandrizzo
top_computers_programming_component_frameworks_net_tools_software_testing,asdandrizzo,asdandrizzo
